Si,Fe,Cu,Mn,Mg,Cr,Zn,V,Ti,Zr,Li,Ni,Be,Sc,Ag,Bi,Pb,Al,SS Temp,Ageing Temp,Ageing Time
0.04,0.06,1.39,0.0,2.61,0.12,7.11,0.0,0.03,0.0,0.0,0.0,0.0,0.0,0.0,0.0,0.0,88.64,488.0,121.0,24.0
0.85,0.7,4.45,0.8,0.5,0.1,0.25,0.0,0.15,0.05,0.0,0.0,0.0,0.0,0.0,0.0,0.0,92.15,500.0,135.0,120.0
0.01,0.02,1.39,0.0,1.58,0.0,7.55,0.0,0.0,0.12,0.0,0.0,0.0,0.0,0.0,0.0,0.0,89.33,475.0,140.0,28.0
0.04,0.07,1.2,0.0,2.42,0.04,6.66,0.0,0.03,0.0,0.0,0.0,0.004,0.0,0.0,0.0,0.0,89.536,488.0,121.0,24.0
0.0,0.0,4.17,0.0,0.41,0.0,0.0,0.0,0.0,0.12,1.1,0.0,0.0,0.0,0.0,0.0,0.0,94.2,500.0,25.0,0.0
0.5,0.35,4.0,0.7,0.6,0.1,0.25,0.0,0.125,0.125,0.0,0.0,0.0,0.0,0.0,0.0,0.0,93.25,500.0,25.0,0.0
0.0,0.0,0.75,0.0,1.76,0.0,2.22,0.0,0.0,0.12,2.59,0.0,0.0,0.0,0.0,0.0,0.0,92.56,530.0,170.0,72.0
0.0,0.0,1.24,0.0,0.7,0.0,0.0,0.0,0.0,0.12,2.49,0.0,0.0,0.0,0.0,0.0,0.0,95.45,530.0,185.0,2.0
0.85,0.7,4.45,0.8,0.5,0.1,0.25,0.0,0.15,0.05,0.0,0.0,0.0,0.0,0.0,0.0,0.0,92.15,500.0,175.0,8.0
0.62,0.33,0.28,0.06,0.9,0.17,0.02,0.0,0.02,0.0,0.0,0.0,0.0,0.0,0.0,0.0,0.0,97.6,530.0,160.0,18.0
0.49,0.24,0.31,0.01,1.01,0.055,0.05,0.01,0.0,0.0,0.0,0.06,0.0,0.0,0.0,0.0,0.0,97.765,530.0,25.0,504.0
0.055,0.061,2.35,0.0076,1.94,0.0051,7.76,0.0,0.0,0.12,0.0,0.0,0.0,0.0,0.0,0.0,0.0,87.7013,477.0,160.0,24.0
0.0,0.0,1.0,0.0,0.0,0.0,0.0,0.0,0.0,0.17,2.5,0.0,0.0,0.0,0.0,0.0,0.0,96.33,510.0,150.0,24.0
0.0,0.0,1.24,0.0,0.7,0.0,0.0,0.0,0.0,0.12,2.49,0.0,0.0,0.0,0.0,0.0,0.0,95.45,530.0,170.0,2.0
0.04,0.08,1.21,0.35,2.35,0.05,6.62,0.0,0.03,0.06,0.0,0.0,0.002,0.0,0.0,0.0,0.0,89.208,488.0,121.0,24.0
0.0,0.0,0.21,0.0,2.6,0.0,6.84,0.0,0.0,0.18,0.0,0.0,0.0,0.37,0.0,0.0,0.0,89.8,470.0,120.0,24.0
0.03,0.08,1.17,0.0,2.38,0.05,6.51,0.0,0.06,0.13,0.0,0.0,0.002,0.0,0.0,0.0,0.0,89.588,488.0,121.0,24.0
0.83,0.29,3.91,0.55,0.47,0.01,0.06,0.0,0.07,0.0,0.0,0.0,0.0,0.0,0.0,0.0,0.0,93.81,500.0,160.0,8.0
0.56,0.22,0.24,0.02,1.01,0.06,0.01,0.0,0.0,0.0,0.0,0.0,0.0,0.0,0.0,0.0,0.0,97.88,530.0,100.0,48.0
0.0,0.0,1.07,0.0,1.07,0.0,3.4,0.0,0.0,0.1,1.8,0.0,0.0,0.0,0.0,0.0,0.0,92.56,530.0,170.0,2.0
0.0,0.0,1.1,0.0,0.61,0.0,2.08,0.0,0.0,0.12,2.38,0.0,0.0,0.0,0.0,0.0,0.0,93.71,525.0,190.0,10.0
0.0,0.0,0.0,0.0,0.6,0.4,7.0,0.0,0.15,0.0,0.0,0.0,0.0,0.0,0.0,0.0,0.0,91.85,590.0,140.0,15.0
0.5,0.5,4.5,0.58,1.5,0.01,0.25,0.0,0.15,0.0,0.0,0.0,0.0,0.0,0.0,0.0,0.0,92.01,500.0,180.0,2.0
0.0,0.0,1.24,0.0,0.7,0.0,0.0,0.0,0.0,0.12,2.49,0.0,0.0,0.0,0.0,0.0,0.0,95.45,530.0,170.0,8.0
0.0,0.0,1.24,0.0,0.7,0.0,0.0,0.0,0.0,0.12,2.49,0.0,0.0,0.0,0.0,0.0,0.0,95.45,530.0,185.0,8.0
0.02,0.04,1.79,0.0,1.5,0.0,7.41,0.0,0.04,0.09,0.0,0.0,0.0,0.0,0.0,0.0,0.0,89.11,480.0,150.0,1.0
0.18,0.11,0.33,0.32,1.98,0.0,5.7,0.0,0.0,0.1,0.0,0.0,0.0,0.25,0.0,0.0,0.0,91.03,470.0,110.0,24.0
0.3,0.4,4.37,0.6,1.29,0.05,0.075,0.0,0.009,0.0,0.0,0.0,0.0,0.0,0.0,0.0,0.0,92.906,497.0,190.0,16.0
0.0,0.0,1.24,0.0,0.7,0.0,0.0,0.0,0.0,0.12,2.49,0.0,0.0,0.0,0.0,0.0,0.0,95.45,530.0,185.0,24.0
0.0,0.0,6.3,0.3,0.0,0.0,0.0,0.1,0.06,0.18,0.0,0.0,0.0,0.0,0.0,0.0,0.0,93.06,535.0,190.0,36.0
0.3,0.4,4.4,0.6,1.6,0.1,0.2,0.0,0.0,0.0,0.0,0.0,0.0,0.0,0.0,0.0,0.0,92.4,495.0,190.0,12.0
0.055,0.061,2.35,0.0076,1.94,0.0051,7.76,0.0,0.0,0.12,0.0,0.0,0.0,0.0,0.0,0.0,0.0,87.7013,477.0,160.0,7.0
0.0,0.0,1.22,0.0,0.63,0.0,0.92,0.0,0.0,0.1,2.57,0.0,0.0,0.0,0.0,0.0,0.0,94.56,525.0,25.0,1440.0
0.9,1.0,4.0,0.2,1.5,0.1,0.25,0.0,0.0,0.0,0.0,2.0,0.0,0.0,0.0,0.0,0.0,90.05,510.0,170.0,10.0
0.0,0.0,0.22,0.0,2.46,0.0,6.8,0.0,0.0,0.0,0.0,0.0,0.0,0.0,0.0,0.0,0.0,90.52,470.0,25.0,0.0
0.4,0.175,0.1,0.1,0.675,0.0,0.0,0.0,0.0,0.0,0.0,0.0,0.0,0.0,0.0,0.0,0.0,98.55,520.0,175.0,8.0
0.08,0.16,4.35,0.6,1.5,0.0,0.0,0.0,0.0,0.0,0.0,0.0,0.0,0.0,0.0,0.0,0.0,93.31,495.0,25.0,0.0
0.055,0.061,2.35,0.0076,1.94,0.0051,7.76,0.0,0.0,0.12,0.0,0.0,0.0,0.0,0.0,0.0,0.0,87.7013,477.0,160.0,9.0
0.0,0.0,1.0,0.0,0.0,0.0,0.0,0.0,0.0,0.17,2.5,0.0,0.0,0.0,0.0,0.0,0.0,96.33,510.0,150.0,16.0
0.01,0.08,5.64,0.33,0.23,0.0,0.0,0.09,0.11,0.15,0.0,0.0,0.0,0.0,0.0,0.0,0.0,93.36,530.0,190.0,12.0
0.2,0.35,1.67,0.3,2.22,0.0,5.95,0.0,0.0,0.0,0.0,0.0,0.0,0.0,0.0,0.0,0.0,89.31,500.0,120.0,12.0
0.15,0.26,1.5,0.0,2.4,0.0,5.7,0.0,0.0,0.0,0.0,0.0,0.0,0.0,0.0,0.0,0.0,89.99,480.0,140.0,264.0
0.055,0.061,2.35,0.0076,1.94,0.0051,7.76,0.0,0.0,0.12,0.0,0.0,0.0,0.0,0.0,0.0,0.0,87.7013,477.0,160.0,32.0
0.4,0.35,0.1,0.1,0.675,0.1,0.1,0.0,0.1,0.0,0.0,0.0,0.0,0.0,0.0,0.0,0.0,98.075,520.0,175.0,8.0
0.0,0.0,1.6,0.0,2.2,0.22,5.7,0.0,0.0,0.0,0.0,0.0,0.0,0.0,0.0,0.0,0.0,90.28,510.0,120.0,24.0
0.4,0.5,1.6,0.3,2.5,0.23,5.6,0.0,0.2,0.05,0.0,0.0,0.0,0.0,0.0,0.0,0.0,88.62,490.0,120.0,24.0
0.2,0.5,4.1,0.6,1.2,0.1,0.1,0.0,0.0,0.0,0.0,0.0,0.0,0.0,0.0,0.0,0.0,93.2,500.0,100.0,10.0
0.055,0.061,2.35,0.0076,1.94,0.0051,7.76,0.0,0.0,0.12,0.0,0.0,0.0,0.0,0.0,0.0,0.0,87.7013,477.0,160.0,0.5
1.35,0.25,0.275,0.7,0.85,0.0,0.0,0.0,0.0,0.0,0.0,0.0,0.0,0.0,0.0,0.0,0.0,96.575,545.0,160.0,18.0
0.4,0.35,0.1,0.1,0.675,0.1,0.1,0.0,0.1,0.0,0.0,0.0,0.0,0.0,0.0,0.0,0.0,98.075,525.0,175.0,8.0
0.0,0.0,0.22,0.0,2.46,0.0,6.8,0.0,0.0,0.0,0.0,0.0,0.0,0.0,0.0,0.0,0.0,90.52,470.0,120.0,24.0
0.05,0.05,2.4,0.0,2.6,0.0,8.6,0.0,0.0,0.0,0.0,0.0,0.0,0.0,0.0,0.0,0.0,86.3,455.0,121.0,24.0
0.0,0.0,0.0,0.0,0.0,0.0,0.0,0.0,0.0,0.0,0.0,0.0,0.0,0.0,0.0,0.0,0.0,100.0,555.0,175.0,8.0
0.02,0.04,1.79,0.0,1.5,0.0,7.41,0.0,0.04,0.09,0.0,0.0,0.0,0.0,0.0,0.0,0.0,89.11,480.0,150.0,1.0
0.055,0.061,2.35,0.0076,1.94,0.0051,7.76,0.0,0.0,0.12,0.0,0.0,0.0,0.0,0.0,0.0,0.0,87.7013,477.0,120.0,7.0
0.15,0.26,1.5,0.0,2.4,0.0,5.7,0.0,0.0,0.0,0.0,0.0,0.0,0.0,0.0,0.0,0.0,89.99,480.0,140.0,96.0
0.3,0.4,4.37,0.6,1.29,0.05,0.075,0.0,0.009,0.0,0.0,0.0,0.0,0.0,0.0,0.0,0.0,92.906,497.0,290.0,1.0
0.4,0.5,1.6,0.3,2.5,0.23,5.6,0.0,0.2,0.0,0.0,0.0,0.0,0.0,0.0,0.0,0.0,88.67,480.0,120.0,24.0
0.8,0.456,0.321,0.212,0.91,0.021,0.178,0.0,0.0,0.0,0.0,0.0,0.0,0.0,0.0,0.0,0.0,97.102,500.0,200.0,18.0
0.01,0.02,1.39,0.0,1.58,0.0,7.55,0.0,0.0,0.12,0.0,0.0,0.0,0.0,0.0,0.0,0.0,89.33,475.0,100.0,88.0
0.5,0.5,4.5,0.58,1.5,0.01,0.25,0.0,0.15,0.0,0.0,0.0,0.0,0.0,0.0,0.0,0.0,92.01,500.0,180.0,16.0
0.8,0.0,4.4,0.75,0.7,0.0,0.0,0.0,0.0,0.0,0.0,0.0,0.0,0.0,0.0,0.0,0.0,93.35,505.0,172.5,12.5
0.8,0.456,0.321,0.212,0.91,0.021,0.178,0.0,0.0,0.0,0.0,0.0,0.0,0.0,0.0,0.0,0.0,97.102,500.0,200.0,1.5
0.01,0.02,1.39,0.0,1.58,0.0,7.55,0.0,0.0,0.12,0.0,0.0,0.0,0.0,0.0,0.0,0.0,89.33,475.0,140.0,16.0
1.4,0.0,1.0,0.8,1.1,0.0,0.0,0.0,0.0,0.0,0.0,0.0,0.0,0.0,0.0,0.0,0.0,95.7,530.0,175.0,8.0
0.85,0.7,4.45,0.8,0.5,0.1,0.25,0.0,0.15,0.0,0.0,0.0,0.0,0.0,0.0,0.0,0.0,92.2,500.0,160.0,18.0
1.0,0.5,0.1,0.6,0.6,0.0,0.2,0.0,0.2,0.0,0.0,0.0,0.0,0.0,0.0,0.0,0.0,96.8,505.0,25.0,0.0
0.0,0.0,1.24,0.0,0.7,0.0,0.0,0.0,0.0,0.12,2.49,0.0,0.0,0.0,0.0,0.0,0.0,95.45,530.0,185.0,4.0
0.0,0.0,0.19,0.0,2.55,0.0,6.98,0.0,0.0,0.29,0.0,0.0,0.0,0.27,0.0,0.0,0.0,89.72,470.0,25.0,0.0
0.01,0.08,5.64,0.33,0.23,0.0,0.0,0.09,0.11,0.15,0.0,0.0,0.0,0.0,0.0,0.0,0.0,93.36,530.0,190.0,50.0
0.4,0.5,1.6,0.3,2.5,0.23,5.6,0.0,0.2,0.0,0.0,0.0,0.0,0.0,0.0,0.0,0.0,88.67,480.0,120.0,24.0
0.0,0.0,1.24,0.0,0.7,0.0,0.0,0.0,0.0,0.12,2.49,0.0,0.0,0.0,0.0,0.0,0.0,95.45,530.0,185.0,16.0
0.16,0.28,4.52,0.58,1.62,0.0,0.2,0.0,0.1,0.0,0.0,0.1,0.0,0.0,0.0,0.0,0.0,92.44,495.0,160.0,3.0
0.18,0.11,0.33,0.32,1.98,0.0,5.7,0.0,0.0,0.1,0.0,0.0,0.0,0.25,0.0,0.0,0.0,91.03,470.0,120.0,24.0
0.0,0.0,0.19,0.0,2.49,0.0,6.72,0.0,0.0,0.16,0.0,0.0,0.0,0.1,0.0,0.0,0.0,90.34,470.0,25.0,0.0
0.35,1.2,2.2,0.2,1.6,0.0,0.3,0.0,0.06,0.0,0.0,1.2,0.0,0.0,0.0,0.0,0.0,92.89,530.0,185.0,13.0
0.95,0.65,2.2,0.6,0.6,0.0,0.3,0.0,0.15,0.0,0.0,0.1,0.0,0.0,0.0,0.0,0.0,94.45,512.2,155.0,9.0
0.0,0.0,0.21,0.0,2.6,0.0,6.84,0.0,0.0,0.18,0.0,0.0,0.0,0.37,0.0,0.0,0.0,89.8,470.0,25.0,0.0
0.85,0.5,0.4,0.25,0.675,0.0,0.2,0.0,0.15,0.0,0.0,0.0,0.0,0.0,0.0,0.0,0.0,96.975,507.5,157.5,11.5
1.18,0.191,1.13,0.0,1.58,0.169,0.0,0.151,0.032,0.0,0.0,0.0,0.0,0.0,0.0,0.0,0.0,95.567,550.0,170.0,24.0
0.055,0.061,2.35,0.0076,1.94,0.0051,7.76,0.0,0.0,0.12,0.0,0.0,0.0,0.0,0.0,0.0,0.0,87.7013,477.0,160.0,0.17
0.01,0.02,1.39,0.0,1.58,0.0,7.55,0.0,0.0,0.12,0.0,0.0,0.0,0.0,0.0,0.0,0.0,89.33,475.0,100.0,28.0
0.6,0.0,0.25,0.0,1.0,0.25,0.0,0.0,0.0,0.0,0.0,0.0,0.0,0.0,0.0,0.0,0.0,97.9,525.0,181.0,8.5
0.8,0.0,4.4,0.8,0.0,0.0,0.0,0.0,0.0,0.0,0.0,0.0,0.0,0.0,0.0,0.0,0.0,94.0,515.0,170.0,10.0
0.0,0.0,0.19,0.0,2.49,0.0,6.72,0.0,0.0,0.16,0.0,0.0,0.0,0.1,0.0,0.0,0.0,90.34,470.0,120.0,48.0
0.055,0.061,2.35,0.0076,1.94,0.0051,7.76,0.0,0.0,0.12,0.0,0.0,0.0,0.0,0.0,0.0,0.0,87.7013,477.0,120.0,9.0
0.18,0.11,0.33,0.32,1.98,0.0,5.7,0.0,0.0,0.1,0.0,0.0,0.0,0.25,0.0,0.0,0.0,91.03,470.0,100.0,24.0
0.08,0.16,0.34,0.33,1.91,0.0,5.39,0.0,0.0,0.0,0.0,0.0,0.0,0.0,0.0,0.0,0.0,91.79,470.0,120.0,24.0
0.2,0.3,6.3,0.3,0.02,0.0,0.1,0.1,0.08,0.175,0.0,0.0,0.0,0.0,0.0,0.0,0.0,92.425,535.0,190.0,26.0
0.2,0.5,4.1,0.6,1.2,0.1,0.1,0.0,0.0,0.0,0.0,0.0,0.0,0.0,0.0,0.0,0.0,93.2,500.0,100.0,20.0
0.18,0.11,0.33,0.32,1.98,0.0,5.7,0.0,0.0,0.1,0.0,0.0,0.0,0.25,0.0,0.0,0.0,91.03,480.0,120.0,24.0
0.0,0.0,0.22,0.0,2.46,0.0,6.8,0.0,0.0,0.0,0.0,0.0,0.0,0.0,0.0,0.0,0.0,90.52,470.0,120.0,48.0
0.85,0.7,4.45,0.8,0.5,0.1,0.25,0.0,0.15,0.0,0.0,0.0,0.0,0.0,0.0,0.0,0.0,92.2,500.0,160.0,18.0
1.0,0.25,0.1,0.6,0.6,0.0,0.0,0.0,0.0,0.0,0.0,0.0,0.0,0.0,0.0,0.0,0.0,97.45,505.0,170.0,6.0
12.25,1.0,0.9,0.0,1.05,0.1,0.25,0.0,0.0,0.0,0.0,0.9,0.0,0.0,0.0,0.0,0.0,83.55,510.0,175.0,10.0
0.0,0.0,0.22,0.0,2.49,0.0,7.11,0.0,0.0,0.4,0.0,0.0,0.0,0.22,0.0,0.0,0.0,89.56,470.0,120.0,32.0
0.0,0.0,4.6,0.35,0.35,0.0,0.0,0.0,2.5,0.0,0.0,0.0,0.0,0.0,0.7,0.0,0.0,91.5,512.5,155.0,20.0
0.0,0.0,5.5,0.0,0.0,0.0,0.0,0.0,0.0,0.0,0.0,0.0,0.0,0.0,0.0,0.4,0.4,93.7,525.0,160.0,14.0
0.2,0.57,1.76,0.15,3.64,0.5,6.04,0.0,0.0,0.0,0.0,0.0,0.0,0.0,0.0,0.0,0.0,87.14,490.0,25.0,0.0
0.15,0.2,1.6,0.1,2.5,0.23,5.6,0.0,0.1,0.0,0.0,0.0,0.0,0.0,0.0,0.0,0.0,89.52,515.0,147.5,24.0
0.0,0.0,0.0,0.0,0.6,0.4,7.0,0.0,0.15,0.0,0.0,0.0,0.0,0.0,0.0,0.0,0.0,91.85,590.0,130.0,3.0
0.0,0.0,1.24,0.0,0.7,0.0,0.0,0.0,0.0,0.12,2.49,0.0,0.0,0.0,0.0,0.0,0.0,95.45,530.0,185.0,96.0
0.055,0.061,2.35,0.0076,1.94,0.0051,7.76,0.0,0.0,0.12,0.0,0.0,0.0,0.0,0.0,0.0,0.0,87.7013,477.0,160.0,48.0
0.055,0.061,2.35,0.0076,1.94,0.0051,7.76,0.0,0.0,0.12,0.0,0.0,0.0,0.0,0.0,0.0,0.0,87.7013,477.0,120.0,5.0
0.4,0.42,1.4,0.13,2.4,0.26,5.6,0.0,0.01,0.0,0.0,0.0,0.0,0.0,0.0,0.0,0.0,89.38,465.0,120.0,24.0
0.85,0.7,4.45,0.8,0.5,0.1,0.25,0.0,0.15,0.05,0.0,0.0,0.0,0.0,0.0,0.0,0.0,92.15,500.0,177.0,18.0
0.0,0.0,0.37,0.28,1.96,0.0,5.45,0.0,0.0,0.11,0.0,0.0,0.0,0.26,0.0,0.0,0.0,91.57,470.0,120.0,48.0
0.6,0.35,0.275,0.15,1.0,0.0,0.0,0.0,0.0,0.0,0.0,0.0,0.0,0.0,0.0,0.0,0.0,97.625,530.0,160.0,18.0
0.0,0.0,1.07,0.0,1.07,0.0,3.4,0.0,0.0,0.1,1.8,0.0,0.0,0.0,0.0,0.0,0.0,92.56,530.0,170.0,24.0
0.2,0.3,6.3,0.3,0.02,0.0,0.1,0.1,0.08,0.175,0.0,0.0,0.0,0.0,0.0,0.0,0.0,92.425,535.0,165.0,24.0
0.055,0.061,2.35,0.0076,1.94,0.0051,7.76,0.0,0.0,0.12,0.0,0.0,0.0,0.0,0.0,0.0,0.0,87.7013,477.0,120.0,0.17
1.35,0.5,0.95,0.85,1.1,0.4,0.25,0.0,0.2,0.0,0.0,0.0,0.0,0.0,0.0,0.0,0.0,94.4,530.0,175.0,8.0
0.04,0.05,4.22,0.0,0.54,0.0,0.0,0.0,0.0,0.16,1.31,0.0,0.0,0.0,0.0,0.0,0.0,93.68,530.0,160.0,88.0
0.04,0.07,1.19,0.0,2.42,0.04,6.9,0.0,0.04,0.08,0.0,0.0,0.002,0.0,0.0,0.0,0.0,89.218,488.0,121.0,24.0
0.2,0.5,4.1,0.6,1.2,0.1,0.1,0.0,0.0,0.0,0.0,0.0,0.0,0.0,0.0,0.0,0.0,93.2,500.0,25.0,0.0
0.4,0.35,0.1,0.1,0.675,0.1,0.1,0.0,0.1,0.0,0.0,0.0,0.0,0.0,0.0,0.0,0.0,98.075,520.0,175.0,8.0
0.0,0.0,2.24,0.0,1.93,0.0,7.81,0.0,0.0,0.16,0.0,0.0,0.0,0.25,0.0,0.0,0.0,87.61,470.0,150.0,30.0
0.0,0.0,1.07,0.0,1.07,0.0,3.4,0.0,0.0,0.1,1.8,0.0,0.0,0.0,0.0,0.0,0.0,92.56,530.0,185.0,16.0
1.35,0.5,0.275,0.7,0.85,0.1,0.25,0.0,0.15,0.0,0.0,0.0,0.0,0.0,0.0,0.0,0.0,95.825,545.0,160.0,18.0
0.05,0.05,2.4,0.0,2.6,0.0,8.6,0.0,0.0,0.0,0.0,0.1,0.0,0.0,0.0,0.0,0.0,86.2,455.0,121.0,24.0
0.2,0.3,6.3,0.3,0.02,0.0,0.1,0.1,0.08,0.175,0.0,0.0,0.0,0.0,0.0,0.0,0.0,92.425,535.0,175.0,18.0
0.0,0.0,5.3,0.0,0.0,0.0,0.0,0.0,0.0,0.17,2.49,0.0,0.0,0.0,0.0,0.0,0.0,92.04,510.0,150.0,50.0
0.0,0.0,1.22,0.0,0.63,0.0,0.92,0.0,0.0,0.1,2.57,0.0,0.0,0.0,0.0,0.0,0.0,94.56,525.0,25.0,0.0
0.01,0.02,1.39,0.0,1.58,0.0,7.55,0.0,0.0,0.12,0.0,0.0,0.0,0.0,0.0,0.0,0.0,89.33,475.0,160.0,6.0
0.18,0.11,0.33,0.32,1.98,0.0,5.7,0.0,0.0,0.1,0.0,0.0,0.0,0.25,0.0,0.0,0.0,91.03,450.0,120.0,24.0
0.0,0.0,0.19,0.0,2.49,0.0,6.72,0.0,0.0,0.16,0.0,0.0,0.0,0.1,0.0,0.0,0.0,90.34,470.0,120.0,24.0
0.0,0.0,0.75,0.0,1.76,0.0,2.22,0.0,0.0,0.12,2.59,0.0,0.0,0.0,0.0,0.0,0.0,92.56,530.0,170.0,2.0
0.05,0.08,1.23,0.3,2.63,0.0,6.78,0.0,0.04,0.11,0.0,0.0,0.002,0.0,0.0,0.0,0.0,88.778,488.0,121.0,24.0
0.0,0.0,1.07,0.0,1.07,0.0,3.4,0.0,0.0,0.1,1.8,0.0,0.0,0.0,0.0,0.0,0.0,92.56,530.0,185.0,2.0
0.0,0.0,0.0,0.0,0.0,0.0,0.0,0.0,0.0,0.0,2.3,0.0,0.0,0.0,0.0,0.0,0.0,97.7,538.0,200.0,0.25
0.5,0.5,4.35,0.6,1.5,0.1,0.25,0.0,0.15,0.05,0.0,0.0,0.0,0.0,0.0,0.0,0.0,92.0,495.0,175.0,24.0
0.18,0.11,0.33,0.32,1.98,0.0,5.7,0.0,0.0,0.1,0.0,0.0,0.0,0.25,0.0,0.0,0.0,91.03,470.0,120.0,28.0
0.055,0.061,2.35,0.0076,1.94,0.0051,7.76,0.0,0.0,0.12,0.0,0.0,0.0,0.0,0.0,0.0,0.0,87.7013,477.0,120.0,60.0
0.5,0.5,4.35,0.6,1.5,0.1,0.25,0.0,0.15,0.0,0.0,0.0,0.0,0.0,0.0,0.0,0.0,92.05,495.0,190.0,12.0
0.3,0.4,0.1,0.25,2.8,0.2,4.0,0.0,0.1,0.0,0.0,0.0,0.0,0.0,0.0,0.0,0.0,91.85,495.0,120.0,22.0
1.35,0.5,0.275,0.7,0.85,0.1,0.25,0.0,0.15,0.0,0.0,0.0,0.0,0.0,0.0,0.0,0.0,95.825,545.0,25.0,0.0
0.18,0.11,0.33,0.32,1.98,0.0,5.7,0.0,0.0,0.1,0.0,0.0,0.0,0.25,0.0,0.0,0.0,91.03,460.0,120.0,24.0
0.6,0.7,0.275,0.15,1.0,0.195,0.25,0.0,0.15,0.0,0.0,0.0,0.0,0.0,0.0,0.0,0.0,96.68,530.0,160.0,18.0
0.4,0.075,0.2,0.05,0.675,0.0,0.0,0.0,0.0,0.0,0.0,0.0,0.0,0.0,0.0,0.0,0.0,98.6,520.0,175.0,8.0
0.0,0.0,4.12,0.0,0.37,0.0,0.41,0.0,0.0,0.11,1.05,0.0,0.0,0.0,0.0,0.0,0.0,93.94,500.0,175.0,32.0
0.0,0.0,6.0,0.0,0.0,0.0,0.0,0.0,0.0,0.17,2.54,0.0,0.0,0.0,0.0,0.0,0.0,91.29,510.0,150.0,50.0
0.0,0.0,0.39,0.28,2.02,0.0,5.48,0.0,0.0,0.11,0.0,0.0,0.0,0.26,0.0,0.0,0.0,91.46,490.0,120.0,24.0
0.4,0.35,0.1,0.1,0.675,0.1,0.1,0.0,0.1,0.0,0.0,0.0,0.0,0.0,0.0,0.0,0.0,98.075,525.0,175.0,16.0
0.055,0.061,2.35,0.0076,1.94,0.0051,7.76,0.0,0.0,0.12,0.0,0.0,0.0,0.0,0.0,0.0,0.0,87.7013,477.0,120.0,12.0
0.01,0.02,1.39,0.0,1.58,0.0,7.55,0.0,0.0,0.12,0.0,0.0,0.0,0.0,0.0,0.0,0.0,89.33,475.0,140.0,14.0
0.01,0.08,5.64,0.33,0.23,0.0,0.0,0.09,0.11,0.15,0.0,0.0,0.0,0.0,0.0,0.0,0.0,93.36,530.0,190.0,3.0
0.15,0.26,1.5,0.0,2.4,0.0,5.7,0.0,0.0,0.0,0.0,0.0,0.0,0.0,0.0,0.0,0.0,89.99,480.0,140.0,16.0
0.43,0.31,0.31,0.05,0.94,0.13,0.2,0.0,0.03,0.0,0.0,0.0,0.0,0.0,0.0,0.0,0.0,97.6,520.0,165.0,20.0
0.3,0.4,4.37,0.6,1.29,0.05,0.075,0.0,0.009,0.0,0.0,0.0,0.0,0.0,0.0,0.0,0.0,92.906,495.0,190.0,12.0
0.6,0.35,0.275,0.15,1.0,0.0,0.0,0.0,0.0,0.0,0.0,0.0,0.0,0.0,0.0,0.0,0.0,97.625,530.0,160.0,18.0
0.56,0.22,0.24,0.02,1.01,0.06,0.01,0.0,0.0,0.0,0.0,0.0,0.0,0.0,0.0,0.0,0.0,97.88,530.0,25.0,0.0
0.01,0.02,1.39,0.0,1.58,0.0,7.55,0.0,0.0,0.12,0.0,0.0,0.0,0.0,0.0,0.0,0.0,89.33,475.0,140.0,8.0
0.18,0.11,0.33,0.32,1.98,0.0,5.7,0.0,0.0,0.1,0.0,0.0,0.0,0.25,0.0,0.0,0.0,91.03,470.0,120.0,36.0
0.01,0.02,1.39,0.0,1.58,0.0,7.55,0.0,0.0,0.12,0.0,0.0,0.0,0.0,0.0,0.0,0.0,89.33,475.0,140.0,48.0
0.4,0.175,0.1,0.1,0.675,0.0,0.0,0.0,0.0,0.0,0.0,0.0,0.0,0.0,0.0,0.0,0.0,98.55,520.0,175.0,8.0
0.01,0.02,1.39,0.0,1.58,0.0,7.55,0.0,0.0,0.12,0.0,0.0,0.0,0.0,0.0,0.0,0.0,89.33,475.0,160.0,64.0
0.11,0.18,0.33,0.32,1.98,0.0,5.41,0.0,0.0,0.1,0.0,0.0,0.0,0.25,0.0,0.0,0.0,91.32,470.0,120.0,24.0
0.2,0.3,6.3,0.3,0.02,0.0,0.1,0.1,0.08,0.175,0.0,0.0,0.0,0.0,0.0,0.0,0.0,92.425,535.0,190.0,36.0
0.0,0.0,4.09,0.0,0.7,0.0,0.39,0.0,0.0,0.14,0.98,0.0,0.0,0.0,0.0,0.0,0.0,93.7,500.0,25.0,0.0
0.04,0.1,3.49,1.31,2.15,0.002,0.0,0.0,0.0,0.0,0.0,0.0,0.0,0.0,0.0,0.0,0.0,92.908,496.0,190.0,8.0
0.0,0.0,6.0,0.0,0.0,0.0,0.0,0.0,0.0,0.17,2.54,0.0,0.0,0.0,0.0,0.0,0.0,91.29,510.0,150.0,48.0
1.35,0.5,0.275,0.7,0.85,0.1,0.25,0.0,0.15,0.0,0.0,0.0,0.0,0.0,0.0,0.0,0.0,95.825,545.0,160.0,18.0
0.85,0.7,4.45,0.8,0.5,0.1,0.25,0.0,0.15,0.05,0.0,0.0,0.0,0.0,0.0,0.0,0.0,92.15,500.0,230.0,0.5
0.0,0.0,1.6,0.0,2.2,0.22,5.7,0.0,0.0,0.0,0.0,0.0,0.0,0.0,0.0,0.0,0.0,90.28,515.0,155.0,3.0
0.01,0.02,1.39,0.0,1.58,0.0,7.55,0.0,0.0,0.12,0.0,0.0,0.0,0.0,0.0,0.0,0.0,89.33,475.0,25.0,0.0
0.02,0.04,1.79,0.0,1.5,0.0,7.41,0.0,0.04,0.09,0.0,0.0,0.0,0.0,0.0,0.0,0.0,89.11,480.0,90.0,40.0
0.0,0.0,4.4,0.6,1.5,0.0,0.0,0.0,0.0,0.0,0.0,0.0,0.0,0.0,0.0,0.0,0.0,93.5,495.0,190.0,12.0
0.4,0.35,0.1,0.1,0.675,0.1,0.1,0.0,0.1,0.0,0.0,0.0,0.0,0.0,0.0,0.0,0.0,98.075,525.0,175.0,96.0
0.01,0.02,1.39,0.0,1.58,0.0,7.55,0.0,0.0,0.12,0.0,0.0,0.0,0.0,0.0,0.0,0.0,89.33,475.0,160.0,18.0
0.03,0.06,1.18,0.0,2.46,0.0,6.72,0.0,0.05,0.18,0.0,0.0,0.002,0.0,0.0,0.0,0.0,89.318,488.0,121.0,24.0
0.0,0.0,3.7,0.3,0.37,0.0,0.5,0.0,0.0,0.14,1.5,0.0,0.0,0.0,0.0,0.0,0.0,93.49,520.0,180.0,10.0
0.01,0.08,5.64,0.33,0.23,0.0,0.0,0.09,0.11,0.15,0.0,0.0,0.0,0.0,0.0,0.0,0.0,93.36,530.0,190.0,20.0
0.082,0.35,0.12,0.3,2.3,0.0,5.2,0.0,0.0,0.13,0.0,0.0,0.0,0.0,0.0,0.0,0.0,91.518,470.0,120.0,0.5
0.0,0.0,0.22,0.0,2.49,0.0,7.11,0.0,0.0,0.4,0.0,0.0,0.0,0.22,0.0,0.0,0.0,89.56,470.0,120.0,24.0
0.08,0.16,0.34,0.33,1.91,0.0,5.39,0.0,0.0,0.0,0.0,0.0,0.0,0.0,0.0,0.0,0.0,91.79,470.0,120.0,12.0
0.0,0.0,0.75,0.0,1.76,0.0,2.22,0.0,0.0,0.12,2.59,0.0,0.0,0.0,0.0,0.0,0.0,92.56,530.0,170.0,1.0
0.01,0.02,1.42,0.01,2.19,0.19,5.37,0.0,0.01,0.0,0.0,0.0,0.0,0.0,0.0,0.0,0.0,90.78,470.0,175.0,24.0
0.05,0.15,5.8,0.28,0.22,0.0,0.0,0.0,0.05,0.2,0.0,0.0,0.0,0.0,0.0,0.0,0.0,93.25,530.0,165.0,15.0
0.0,0.0,0.0,0.35,1.98,0.0,5.42,0.0,0.0,0.12,0.0,0.0,0.0,0.12,0.0,0.0,0.0,92.01,470.0,120.0,12.0
0.055,0.061,2.35,0.0076,1.94,0.0051,7.76,0.0,0.0,0.12,0.0,0.0,0.0,0.0,0.0,0.0,0.0,87.7013,477.0,160.0,1.0
0.5,0.5,4.35,0.6,1.5,0.1,0.25,0.0,0.15,0.0,0.0,0.0,0.0,0.0,0.0,0.0,0.0,92.05,495.0,190.0,9.0
0.4,0.075,0.2,0.05,0.675,0.0,0.0,0.0,0.0,0.0,0.0,0.0,0.0,0.0,0.0,0.0,0.0,98.6,520.0,175.0,8.0
0.5,0.5,4.5,0.58,1.5,0.01,0.25,0.0,0.15,0.0,0.0,0.0,0.0,0.0,0.0,0.0,0.0,92.01,500.0,25.0,0.0
0.6,0.7,0.275,0.15,1.0,0.09,0.25,0.0,0.15,0.0,0.0,0.0,0.0,0.0,0.0,0.55,0.55,95.685,540.0,170.0,12.0
0.9,1.0,4.0,0.2,1.5,0.1,0.25,0.0,0.0,0.0,0.0,2.0,0.0,0.0,0.0,0.0,0.0,90.05,510.0,240.0,6.0
0.85,0.7,4.45,0.8,0.5,0.1,0.25,0.0,0.15,0.05,0.0,0.0,0.0,0.0,0.0,0.0,0.0,92.15,500.0,190.0,3.0
0.01,0.08,5.64,0.33,0.23,0.0,0.0,0.09,0.11,0.15,0.0,0.0,0.0,0.0,0.0,0.0,0.0,93.36,530.0,25.0,0.0
0.0,0.0,1.24,0.0,0.7,0.0,0.0,0.0,0.0,0.12,2.49,0.0,0.0,0.0,0.0,0.0,0.0,95.45,530.0,170.0,4.0
0.01,0.01,4.3,0.0,0.0,0.0,0.0,0.0,0.0,0.14,1.18,0.0,0.0,0.0,0.0,0.0,0.0,94.36,530.0,160.0,144.0
0.85,0.7,4.45,0.8,0.5,0.1,0.25,0.0,0.15,0.05,0.0,0.0,0.0,0.0,0.0,0.0,0.0,92.15,500.0,160.0,18.0
0.01,0.02,1.39,0.0,1.58,0.0,7.55,0.0,0.0,0.12,0.0,0.0,0.0,0.0,0.0,0.0,0.0,89.33,475.0,140.0,24.0
1.4,0.0,0.28,0.7,0.8,0.0,0.0,0.0,0.0,0.0,0.0,0.0,0.0,0.0,0.0,0.0,0.0,96.82,545.0,160.0,18.0
0.55,0.47,0.28,0.0,0.98,0.19,0.19,0.0,0.0,0.0,0.0,0.0,0.0,0.0,0.0,0.0,0.0,97.34,490.0,180.0,6.0
0.44,0.25,3.8,0.68,0.56,0.02,0.02,0.0,0.0,0.0,0.0,0.0,0.0,0.0,0.0,0.0,0.0,94.23,500.0,25.0,0.0
0.5,0.5,1.7,0.4,2.3,0.175,6.0,0.0,0.1,0.0,0.0,0.0,0.0,0.0,0.0,0.0,0.0,88.325,470.0,137.5,16.0
0.055,0.061,2.35,0.0076,1.94,0.0051,7.76,0.0,0.0,0.12,0.0,0.0,0.0,0.0,0.0,0.0,0.0,87.7013,477.0,160.0,16.0
0.85,0.7,4.45,0.8,0.5,0.1,0.25,0.0,0.15,0.0,0.0,0.0,0.0,0.0,0.0,0.0,0.0,92.2,500.0,160.0,18.0
0.05,0.05,1.02,0.31,1.62,0.0,3.94,0.0,0.0,0.12,0.0,0.0,0.0,0.0,0.0,0.0,0.0,92.89,525.0,100.0,76.0
0.6,0.4,0.3,0.12,1.01,0.2,0.18,0.0,0.0,0.0,0.0,0.0,0.0,0.0,0.0,0.0,0.0,97.19,500.0,190.0,3.0
0.29,0.42,4.2,0.63,1.26,0.0,0.0,0.0,0.0,0.0,0.0,0.0,0.0,0.0,0.0,0.0,0.0,93.2,500.0,25.0,72.0
0.0,0.0,0.75,0.0,1.76,0.0,2.22,0.0,0.0,0.12,2.59,0.0,0.0,0.0,0.0,0.0,0.0,92.56,530.0,185.0,2.0
0.01,0.02,1.39,0.0,1.58,0.0,7.55,0.0,0.0,0.12,0.0,0.0,0.0,0.0,0.0,0.0,0.0,89.33,475.0,140.0,12.0
0.05,0.07,1.22,0.0,2.39,0.0,6.58,0.0,0.03,0.11,0.0,0.0,0.002,0.0,0.0,0.0,0.0,89.548,488.0,121.0,24.0
0.25,0.35,1.55,0.2,2.45,0.16,7.7,0.0,0.1,0.0,0.0,0.0,0.0,0.0,0.0,0.0,0.0,87.24,480.0,177.0,9.0
0.0,0.0,1.6,0.0,2.5,0.23,5.6,0.0,0.0,0.0,0.0,0.0,0.0,0.0,0.0,0.0,0.0,90.07,480.0,120.0,24.0
0.0,0.0,2.0,0.0,2.8,0.23,6.8,0.0,0.0,0.0,0.0,0.0,0.0,0.0,0.0,0.0,0.0,88.17,468.0,121.0,24.0
0.055,0.061,2.35,0.0076,1.94,0.0051,7.76,0.0,0.0,0.12,0.0,0.0,0.0,0.0,0.0,0.0,0.0,87.7013,477.0,160.0,60.0
0.05,0.05,1.02,0.33,1.43,0.0,3.56,0.0,0.0,0.12,2.12,0.0,0.0,0.0,0.0,0.0,0.0,91.32,525.0,160.0,46.0
0.02,0.04,1.79,0.0,1.5,0.0,7.41,0.0,0.04,0.09,0.0,0.0,0.0,0.0,0.0,0.0,0.0,89.11,480.0,90.0,1.0
0.0,0.0,4.12,0.0,0.37,0.0,0.41,0.0,0.0,0.11,1.05,0.0,0.0,0.0,0.0,0.0,0.0,93.94,500.0,25.0,0.0
0.0,0.0,1.6,0.0,0.95,0.0,0.0,0.0,0.0,0.08,1.7,0.0,0.0,0.0,0.0,0.0,0.0,95.67,530.0,150.0,24.0
0.5,0.5,4.35,0.6,1.5,0.1,0.25,0.0,0.15,0.05,0.0,0.0,0.0,0.0,0.0,0.0,0.0,92.0,495.0,150.0,1000.0
0.0,0.0,3.7,0.3,0.37,0.0,0.5,0.0,0.0,0.14,1.5,0.0,0.0,0.0,0.0,0.0,0.0,93.49,520.0,180.0,5.0
0.6,0.0,0.28,0.0,1.0,0.2,0.0,0.0,0.0,0.0,0.0,0.0,0.0,0.0,0.0,0.0,0.0,97.92,530.0,160.0,18.0
1.21,0.179,1.09,0.0,1.57,0.178,0.0,0.158,0.028,0.0,0.0,0.0,0.0,0.0,0.0,0.0,0.0,95.587,550.0,170.0,24.0
0.49,0.24,0.31,0.01,1.01,0.055,0.05,0.01,0.0,0.0,0.0,0.06,0.0,0.0,0.0,0.0,0.0,97.765,530.0,200.0,0.3
0.0,0.0,2.6,0.0,0.35,0.0,0.0,0.0,0.0,0.0,0.0,0.0,0.0,0.0,0.0,0.0,0.0,97.05,500.0,170.0,10.0
0.4,0.15,0.2,0.05,0.675,0.0,0.05,0.0,0.0,0.0,0.0,0.0,0.0,0.0,0.0,0.0,0.0,98.475,520.0,175.0,8.0
0.055,0.061,2.35,0.0076,1.94,0.0051,7.76,0.0,0.0,0.12,0.0,0.0,0.0,0.0,0.0,0.0,0.0,87.7013,477.0,120.0,48.0
0.01,0.02,1.39,0.0,1.58,0.0,7.55,0.0,0.0,0.12,0.0,0.0,0.0,0.0,0.0,0.0,0.0,89.33,475.0,100.0,52.0
0.0,0.0,0.21,0.0,2.6,0.0,6.84,0.0,0.0,0.18,0.0,0.0,0.0,0.37,0.0,0.0,0.0,89.8,470.0,120.0,32.0
0.02,0.04,1.79,0.0,1.5,0.0,7.41,0.0,0.04,0.09,0.0,0.0,0.0,0.0,0.0,0.0,0.0,89.11,480.0,150.0,8.0
0.0,0.0,4.25,0.0,1.18,0.0,0.43,0.0,0.0,0.11,1.18,0.0,0.0,0.0,0.0,0.0,0.0,92.85,500.0,175.0,32.0
0.0,0.0,4.5,0.6,1.5,0.0,0.0,0.0,0.0,0.0,0.0,0.0,0.0,0.0,0.0,0.0,0.0,93.4,495.0,160.0,16.0
0.0,0.0,1.6,0.0,2.5,0.25,5.6,0.0,0.0,0.0,0.0,0.0,0.0,0.0,0.0,0.0,0.0,90.05,460.0,25.0,0.0
0.0,0.0,4.25,0.39,0.37,0.0,0.61,0.0,0.0,0.12,1.01,0.0,0.0,0.28,0.0,0.0,0.0,92.97,520.0,180.0,24.0
0.85,1.3,2.2,0.2,1.6,0.0,0.3,0.0,0.15,0.0,0.0,1.2,0.0,0.0,0.0,0.0,0.0,92.2,527.5,172.5,11.0
0.0,0.0,5.3,0.0,0.0,0.0,0.0,0.0,0.0,0.17,2.49,0.0,0.0,0.0,0.0,0.0,0.0,92.04,510.0,150.0,48.0
0.01,0.02,1.39,0.0,1.58,0.0,7.55,0.0,0.0,0.12,0.0,0.0,0.0,0.0,0.0,0.0,0.0,89.33,475.0,100.0,20.0
0.49,0.24,0.31,0.01,1.01,0.055,0.05,0.01,0.0,0.0,0.0,0.06,0.0,0.0,0.0,0.0,0.0,97.765,530.0,25.0,0.0
0.6,0.7,0.275,0.15,1.0,0.195,0.25,0.0,0.15,0.0,0.0,0.0,0.0,0.0,0.0,0.0,0.0,96.68,530.0,25.0,0.0
0.85,0.7,4.45,0.8,0.5,0.1,0.25,0.0,0.15,0.0,0.0,0.0,0.0,0.0,0.0,0.0,0.0,92.2,500.0,160.0,18.0
0.18,0.11,0.33,0.32,1.98,0.0,5.7,0.0,0.0,0.1,0.0,0.0,0.0,0.25,0.0,0.0,0.0,91.03,470.0,120.0,20.0
1.35,0.25,0.275,0.7,0.85,0.0,0.0,0.0,0.0,0.0,0.0,0.0,0.0,0.0,0.0,0.0,0.0,96.575,545.0,160.0,18.0
0.2,0.3,6.3,0.3,0.02,0.0,0.1,0.1,0.08,0.175,0.0,0.0,0.0,0.0,0.0,0.0,0.0,92.425,535.0,175.0,18.0
1.35,0.25,0.95,0.85,1.1,0.0,0.0,0.0,0.0,0.0,0.0,0.0,0.0,0.0,0.0,0.0,0.0,95.5,530.0,175.0,8.0
0.0,0.93,2.23,0.0,1.21,0.0,0.0,0.0,0.0,0.3,0.0,1.09,0.0,0.3,0.0,0.0,0.0,93.94,510.0,200.0,18.0
0.0,0.0,4.4,0.6,1.5,0.0,0.0,0.0,0.0,0.0,0.0,0.0,0.0,0.0,0.0,0.0,0.0,93.5,495.0,190.0,8.0
0.055,0.061,2.35,0.0076,1.94,0.0051,7.76,0.0,0.0,0.12,0.0,0.0,0.0,0.0,0.0,0.0,0.0,87.7013,477.0,120.0,32.0
0.055,0.061,2.35,0.0076,1.94,0.0051,7.76,0.0,0.0,0.12,0.0,0.0,0.0,0.0,0.0,0.0,0.0,87.7013,477.0,120.0,0.25
0.0,0.0,2.24,0.0,1.95,0.0,7.82,0.0,0.0,0.16,0.0,0.0,0.0,0.0,0.0,0.0,0.0,87.83,470.0,150.0,30.0
0.0,0.0,0.75,0.0,1.76,0.0,2.22,0.0,0.0,0.12,2.59,0.0,0.0,0.0,0.0,0.0,0.0,92.56,530.0,170.0,24.0
0.02,0.04,1.79,0.0,1.5,0.0,7.41,0.0,0.04,0.09,0.0,0.0,0.0,0.0,0.0,0.0,0.0,89.11,480.0,150.0,8.0
0.0,0.0,0.75,0.0,1.76,0.0,2.22,0.0,0.0,0.12,2.59,0.0,0.0,0.0,0.0,0.0,0.0,92.56,530.0,185.0,16.0
0.01,0.02,1.39,0.0,1.58,0.0,7.55,0.0,0.0,0.12,0.0,0.0,0.0,0.0,0.0,0.0,0.0,89.33,475.0,140.0,36.0
0.175,1.1,2.3,0.0,1.55,0.0,0.1,0.0,0.07,0.0,0.0,1.05,0.0,0.0,0.0,0.0,0.0,93.655,530.0,200.0,20.0
0.0,0.0,2.03,0.0,0.0,0.0,0.0,0.0,0.0,0.17,2.53,0.0,0.0,0.0,0.0,0.0,0.0,95.27,510.0,150.0,24.0
0.0,0.0,2.24,0.0,1.95,0.0,7.82,0.0,0.0,0.16,0.0,0.0,0.0,0.0,0.0,0.0,0.0,87.83,470.0,120.0,24.0
0.2,0.5,4.1,0.6,1.2,0.1,0.1,0.0,0.0,0.0,0.0,0.0,0.0,0.0,0.0,0.0,0.0,93.2,500.0,100.0,30.0
0.18,0.11,0.33,0.32,1.98,0.0,5.7,0.0,0.0,0.1,0.0,0.0,0.0,0.25,0.0,0.0,0.0,91.03,470.0,120.0,16.0
0.1,0.2,4.2,0.91,1.4,0.0,0.03,0.0,0.0,0.0,0.0,0.0,0.0,0.0,0.0,0.0,0.0,93.16,520.0,25.0,300.0
1.0,0.25,0.1,0.6,0.6,0.0,0.0,0.0,0.0,0.0,0.0,0.0,0.0,0.0,0.0,0.0,0.0,97.45,505.0,170.0,6.0
0.055,0.061,2.35,0.0076,1.94,0.0051,7.76,0.0,0.0,0.12,0.0,0.0,0.0,0.0,0.0,0.0,0.0,87.7013,477.0,120.0,0.5
0.85,0.7,4.45,0.8,0.5,0.1,0.25,0.0,0.15,0.05,0.0,0.0,0.0,0.0,0.0,0.0,0.0,92.15,500.0,260.0,0.1
0.05,0.07,1.22,0.0,2.56,0.0,6.87,0.0,0.04,0.08,0.0,0.0,0.002,0.0,0.0,0.0,0.0,89.108,488.0,121.0,24.0
0.04,0.3,4.65,0.9,1.65,0.0,0.01,0.0,0.0,0.0,0.0,0.0,0.0,0.0,0.0,0.0,0.0,92.45,490.0,120.0,18.0
0.0,0.0,2.88,0.0,0.0,0.0,0.0,0.0,0.0,0.16,2.52,0.0,0.0,0.0,0.0,0.0,0.0,94.44,510.0,150.0,32.0
0.08,0.16,0.34,0.33,1.91,0.0,5.39,0.0,0.0,0.0,0.0,0.0,0.0,0.0,0.0,0.0,0.0,91.79,470.0,120.0,36.0
1.17,0.184,1.11,0.0,1.62,0.151,0.0,0.0,0.029,0.0,0.0,0.0,0.0,0.0,0.0,0.0,0.0,95.736,550.0,170.0,24.0
0.04,0.08,1.21,0.26,2.6,0.0,6.87,0.0,0.03,0.0,0.0,0.0,0.001,0.0,0.0,0.0,0.0,88.909,488.0,121.0,24.0
0.2,0.3,6.3,0.3,0.02,0.0,0.1,0.1,0.06,0.175,0.0,0.0,0.0,0.0,0.0,0.0,0.0,92.445,535.0,190.0,26.0
0.18,0.11,0.33,0.32,1.98,0.0,5.7,0.0,0.0,0.1,0.0,0.0,0.0,0.25,0.0,0.0,0.0,91.03,490.0,120.0,24.0
0.3,0.5,1.6,0.3,2.5,0.23,5.6,0.0,0.2,0.0,0.0,0.0,0.0,0.0,0.0,0.0,0.0,88.77,480.0,25.0,720.0
0.01,0.02,1.39,0.0,1.58,0.0,7.55,0.0,0.0,0.12,0.0,0.0,0.0,0.0,0.0,0.0,0.0,89.33,475.0,140.0,64.0
1.35,0.25,0.95,0.85,1.1,0.0,0.0,0.0,0.0,0.0,0.0,0.0,0.0,0.0,0.0,0.0,0.0,95.5,530.0,175.0,8.0
0.51,0.49,3.95,0.96,1.65,0.0,0.0,0.0,0.0,0.0,2.0,0.0,0.0,0.0,0.0,0.0,0.0,90.44,495.0,190.0,12.0
0.85,0.7,4.45,0.8,0.5,0.1,0.25,0.0,0.15,0.0,0.0,0.0,0.0,0.0,0.0,0.0,0.0,92.2,500.0,160.0,18.0
0.85,0.7,4.45,0.8,0.5,0.1,0.25,0.0,0.15,0.05,0.0,0.0,0.0,0.0,0.0,0.0,0.0,92.15,500.0,150.0,30.0
0.8,0.0,4.5,0.8,0.5,0.0,0.0,0.0,0.0,0.0,0.0,0.0,0.0,0.0,0.0,0.0,0.0,93.4,505.0,25.0,48.0
0.055,0.061,2.35,0.0076,1.94,0.0051,7.76,0.0,0.0,0.12,0.0,0.0,0.0,0.0,0.0,0.0,0.0,87.7013,477.0,120.0,24.0
0.4,0.35,0.1,0.1,0.675,0.1,0.1,0.0,0.1,0.0,0.0,0.0,0.0,0.0,0.0,0.0,0.0,98.075,520.0,25.0,0.0
0.0,0.0,6.3,0.3,0.0,0.0,0.0,0.1,0.06,0.18,0.0,0.0,0.0,0.0,0.0,0.0,0.0,93.06,535.0,175.0,18.0
0.01,0.02,1.39,0.0,1.58,0.0,7.55,0.0,0.0,0.12,0.0,0.0,0.0,0.0,0.0,0.0,0.0,89.33,475.0,100.0,44.0
0.1,0.2,4.2,0.91,1.4,0.0,0.03,0.0,0.0,0.0,0.0,0.0,0.0,0.0,0.0,0.0,0.0,93.16,540.0,25.0,300.0
0.05,0.05,0.98,0.32,1.45,0.0,2.88,0.0,0.0,0.11,1.81,0.0,0.0,0.0,0.0,0.0,0.0,92.35,525.0,160.0,40.0
0.8,0.0,4.4,0.8,0.5,0.0,0.0,0.0,0.0,0.0,0.0,0.0,0.0,0.0,0.0,0.0,0.0,93.5,500.0,160.0,18.0
0.055,0.061,2.35,0.0076,1.94,0.0051,7.76,0.0,0.0,0.12,0.0,0.0,0.0,0.0,0.0,0.0,0.0,87.7013,477.0,120.0,1.0
0.4,0.7,5.5,0.0,0.0,0.0,0.3,0.0,0.0,0.0,0.0,0.0,0.0,0.0,0.0,0.4,0.4,92.3,525.0,160.0,14.0
0.5,0.5,4.35,0.6,1.5,0.1,0.25,0.0,0.15,0.0,0.0,0.0,0.0,0.0,0.0,0.0,0.0,92.05,495.0,190.0,12.0
0.04,0.08,1.15,0.31,2.41,0.05,6.85,0.0,0.03,0.13,0.0,0.0,0.001,0.0,0.0,0.0,0.0,88.949,488.0,121.0,24.0
0.0,0.0,1.24,0.0,0.7,0.0,0.0,0.0,0.0,0.12,2.49,0.0,0.0,0.0,0.0,0.0,0.0,95.45,530.0,170.0,24.0
0.5,0.5,4.35,0.6,1.5,0.1,0.25,0.0,0.0,0.0,0.0,0.0,0.0,0.0,0.0,0.0,0.0,92.2,493.0,25.0,0.0
0.0,0.0,6.3,0.3,0.0,0.0,0.0,0.1,0.06,0.18,0.0,0.0,0.0,0.0,0.0,0.0,0.0,93.06,535.0,165.0,24.0
0.4,0.5,1.6,0.3,2.5,0.23,5.6,0.0,0.2,0.05,0.0,0.0,0.0,0.0,0.0,0.0,0.0,88.62,490.0,177.0,9.0
0.082,0.35,0.12,0.3,2.3,0.0,5.2,0.0,0.0,0.13,0.0,0.0,0.0,0.0,0.0,0.0,0.0,91.518,470.0,120.0,120.0
0.055,0.061,2.35,0.0076,1.94,0.0051,7.76,0.0,0.0,0.12,0.0,0.0,0.0,0.0,0.0,0.0,0.0,87.7013,477.0,160.0,72.0
0.055,0.061,2.35,0.0076,1.94,0.0051,7.76,0.0,0.0,0.12,0.0,0.0,0.0,0.0,0.0,0.0,0.0,87.7013,477.0,120.0,40.0
0.83,0.29,3.91,0.55,0.47,0.01,0.06,0.0,0.07,0.0,0.0,0.0,0.0,0.0,0.0,0.0,0.0,93.81,500.0,160.0,24.0
0.14,0.0,3.6,0.52,2.3,0.0,0.0,0.0,0.0,0.0,1.6,0.0,0.0,0.0,0.0,0.0,0.0,91.84,497.0,187.0,16.0
0.01,0.02,1.39,0.0,1.58,0.0,7.55,0.0,0.0,0.12,0.0,0.0,0.0,0.0,0.0,0.0,0.0,89.33,475.0,100.0,8.0
0.0,0.0,1.22,0.0,0.63,0.0,0.92,0.0,0.0,0.1,2.57,0.0,0.0,0.0,0.0,0.0,0.0,94.56,525.0,190.0,10.0
0.5,0.5,4.35,0.6,1.5,0.1,0.25,0.0,0.15,0.0,0.0,0.0,0.0,0.0,0.0,0.0,0.0,92.05,495.0,190.0,12.0
0.6,0.4,0.3,0.12,1.01,0.2,0.18,0.0,0.0,0.0,0.0,0.0,0.0,0.0,0.0,0.0,0.0,97.19,500.0,190.0,4.0
0.9,0.7,4.35,0.7,0.6,0.0,0.3,0.0,0.15,0.0,0.0,0.1,0.0,0.0,0.0,0.0,0.0,92.2,502.0,155.0,9.5
0.9,1.0,4.0,0.2,1.5,1.0,0.25,0.0,0.0,0.0,0.0,2.0,0.0,0.0,0.0,0.0,0.0,89.15,510.0,240.0,6.0
0.6,0.35,0.275,0.15,1.0,0.0,0.0,0.0,0.0,0.0,0.0,0.0,0.0,0.0,0.0,0.0,0.0,97.625,530.0,160.0,18.0
0.055,0.061,2.35,0.0076,1.94,0.0051,7.76,0.0,0.0,0.12,0.0,0.0,0.0,0.0,0.0,0.0,0.0,87.7013,477.0,120.0,3.0
