Si,Fe,Cu,Mn,Mg,Cr,Zn,V,Ti,Zr,Li,Ni,Be,Sc,Ag,Bi,Pb,Al
0.055,0.061,2.35,0.0076,1.94,0.0051,7.76,0.0,0.0,0.12,0.0,0.0,0.0,0.0,0.0,0.0,0.0,87.7013
0.055,0.061,2.35,0.0076,1.94,0.0051,7.76,0.0,0.0,0.12,0.0,0.0,0.0,0.0,0.0,0.0,0.0,87.7013
0.055,0.061,2.35,0.0076,1.94,0.0051,7.76,0.0,0.0,0.12,0.0,0.0,0.0,0.0,0.0,0.0,0.0,87.7013
0.5,0.5,4.35,0.6,1.5,0.1,0.25,0.0,0.15,0.05,0.0,0.0,0.0,0.0,0.0,0.0,0.0,92.0
0.0,0.0,0.0,0.0,0.6,0.4,7.0,0.0,0.15,0.0,0.0,0.0,0.0,0.0,0.0,0.0,0.0,91.85
0.055,0.061,2.35,0.0076,1.94,0.0051,7.76,0.0,0.0,0.12,0.0,0.0,0.0,0.0,0.0,0.0,0.0,87.7013
0.01,0.02,1.39,0.0,1.58,0.0,7.55,0.0,0.0,0.12,0.0,0.0,0.0,0.0,0.0,0.0,0.0,89.33
0.0,0.0,4.09,0.0,0.7,0.0,0.39,0.0,0.0,0.14,0.98,0.0,0.0,0.0,0.0,0.0,0.0,93.7
0.02,0.04,1.79,0.0,1.5,0.0,7.41,0.0,0.04,0.09,0.0,0.0,0.0,0.0,0.0,0.0,0.0,89.11
0.29,0.42,4.2,0.63,1.26,0.0,0.0,0.0,0.0,0.0,0.0,0.0,0.0,0.0,0.0,0.0,0.0,93.2
0.5,0.5,4.35,0.6,1.5,0.1,0.25,0.0,0.15,0.0,0.0,0.0,0.0,0.0,0.0,0.0,0.0,92.05
0.01,0.02,1.39,0.0,1.58,0.0,7.55,0.0,0.0,0.12,0.0,0.0,0.0,0.0,0.0,0.0,0.0,89.33
0.01,0.02,1.39,0.0,1.58,0.0,7.55,0.0,0.0,0.12,0.0,0.0,0.0,0.0,0.0,0.0,0.0,89.33
0.15,0.26,1.5,0.0,2.4,0.0,5.7,0.0,0.0,0.0,0.0,0.0,0.0,0.0,0.0,0.0,0.0,89.99
0.0,0.0,0.22,0.0,2.49,0.0,7.11,0.0,0.0,0.4,0.0,0.0,0.0,0.22,0.0,0.0,0.0,89.56
0.0,0.0,1.24,0.0,0.7,0.0,0.0,0.0,0.0,0.12,2.49,0.0,0.0,0.0,0.0,0.0,0.0,95.45
0.4,0.42,1.4,0.13,2.4,0.26,5.6,0.0,0.01,0.0,0.0,0.0,0.0,0.0,0.0,0.0,0.0,89.38
0.0,0.0,1.24,0.0,0.7,0.0,0.0,0.0,0.0,0.12,2.49,0.0,0.0,0.0,0.0,0.0,0.0,95.45
0.2,0.3,1.55,0.15,2.6,0.2,5.5,0.0,0.0,0.0,0.0,0.0,0.0,0.0,0.0,0.0,0.0,89.5
0.14,0.0,3.6,0.52,2.3,0.0,0.0,0.0,0.0,0.0,1.6,0.0,0.0,0.0,0.0,0.0,0.0,91.84
0.2,0.5,4.1,0.6,1.2,0.1,0.1,0.0,0.0,0.0,0.0,0.0,0.0,0.0,0.0,0.0,0.0,93.2
0.0,0.0,1.1,0.0,0.61,0.0,2.08,0.0,0.0,0.12,2.38,0.0,0.0,0.0,0.0,0.0,0.0,93.71
0.0,0.0,4.4,0.6,1.5,0.0,0.0,0.0,0.0,0.0,0.0,0.0,0.0,0.0,0.0,0.0,0.0,93.5
0.5,0.5,4.35,0.6,1.5,0.1,0.25,0.0,0.15,0.0,0.0,0.0,0.0,0.0,0.0,0.0,0.0,92.05
0.4,0.15,0.2,0.05,0.675,0.0,0.05,0.0,0.0,0.0,0.0,0.0,0.0,0.0,0.0,0.0,0.0,98.475
0.03,0.06,1.18,0.0,2.46,0.0,6.72,0.0,0.05,0.18,0.0,0.0,0.002,0.0,0.0,0.0,0.0,89.318
0.0,0.0,4.0,0.0,1.5,0.0,0.0,0.0,0.0,0.0,0.0,2.0,0.0,0.0,0.0,0.0,0.0,92.5
0.0,0.0,0.17,0.0,2.58,0.0,6.94,0.0,0.0,0.0,0.0,0.0,0.0,0.48,0.0,0.0,0.0,89.83
0.6,0.7,0.275,0.15,1.0,0.195,0.25,0.0,0.15,0.0,0.0,0.0,0.0,0.0,0.0,0.0,0.0,96.68
0.01,0.02,1.39,0.0,1.58,0.0,7.55,0.0,0.0,0.12,0.0,0.0,0.0,0.0,0.0,0.0,0.0,89.33
0.02,0.04,1.79,0.0,1.5,0.0,7.41,0.0,0.04,0.09,0.0,0.0,0.0,0.0,0.0,0.0,0.0,89.11
0.0,0.0,5.5,0.0,0.0,0.0,0.0,0.0,0.0,0.0,0.0,0.0,0.0,0.0,0.0,0.0,0.0,94.5
0.0,0.0,1.6,0.0,2.5,0.23,5.6,0.0,0.0,0.0,0.0,0.0,0.0,0.0,0.0,0.0,0.0,90.07
0.05,0.05,1.02,0.33,1.43,0.0,3.56,0.0,0.0,0.12,2.12,0.0,0.0,0.0,0.0,0.0,0.0,91.32
0.4,0.6,0.65,0.55,1.6,0.0,7.5,0.0,0.2,0.0,0.0,0.0,0.0,0.0,0.0,0.0,0.0,88.5
0.0,0.0,0.0,0.0,0.0,0.0,0.0,0.0,0.0,0.0,0.9,0.0,0.0,0.0,0.0,0.0,0.0,99.1
0.4,0.35,0.1,0.1,0.675,0.1,0.1,0.0,0.1,0.0,0.0,0.0,0.0,0.0,0.0,0.0,0.0,98.075
0.5,0.5,4.5,0.58,1.5,0.01,0.25,0.0,0.15,0.0,0.0,0.0,0.0,0.0,0.0,0.0,0.0,92.01
0.2,0.5,4.1,0.6,1.2,0.1,0.1,0.0,0.0,0.0,0.0,0.0,0.0,0.0,0.0,0.0,0.0,93.2
0.8,0.0,4.4,0.75,0.7,0.0,0.0,0.0,0.0,0.0,0.0,0.0,0.0,0.0,0.0,0.0,0.0,93.35
0.0,0.0,1.22,0.0,0.61,0.0,0.0,0.0,0.0,0.08,2.49,0.0,0.0,0.0,0.0,0.0,0.0,95.6
0.05,0.05,2.4,0.0,2.6,0.0,8.6,0.0,0.0,0.0,0.0,0.1,0.0,0.0,0.0,0.0,0.0,86.2
0.0,0.0,4.12,0.0,0.37,0.0,0.41,0.0,0.0,0.11,1.05,0.0,0.0,0.0,0.0,0.0,0.0,93.94
0.0,0.0,0.0,0.0,0.0,0.0,0.0,0.0,0.0,0.0,1.5,0.0,0.0,0.0,0.0,0.0,0.0,98.5
0.0,0.0,0.21,0.0,2.6,0.0,6.84,0.0,0.0,0.18,0.0,0.0,0.0,0.37,0.0,0.0,0.0,89.8
1.35,0.25,0.95,0.85,1.1,0.0,0.0,0.0,0.0,0.0,0.0,0.0,0.0,0.0,0.0,0.0,0.0,95.5
0.84,0.37,0.32,0.18,0.6,0.0,0.0,0.0,0.0,0.0,0.0,0.0,0.0,0.0,0.0,0.0,0.0,97.69
0.0,0.0,2.24,0.0,1.95,0.0,7.82,0.0,0.0,0.16,0.0,0.0,0.0,0.0,0.0,0.0,0.0,87.83
0.0,0.0,0.0,0.35,1.98,0.0,5.42,0.0,0.0,0.0,0.0,0.0,0.0,0.0,0.0,0.0,0.0,92.25
0.05,0.05,1.02,0.31,1.62,0.0,3.94,0.0,0.0,0.12,0.0,0.0,0.0,0.0,0.0,0.0,0.0,92.89
1.0,0.25,0.1,0.6,0.6,0.0,0.0,0.0,0.0,0.0,0.0,0.0,0.0,0.0,0.0,0.0,0.0,97.45
0.0,0.0,1.22,0.0,0.63,0.0,0.92,0.0,0.0,0.1,2.57,0.0,0.0,0.0,0.0,0.0,0.0,94.56
0.0,0.0,2.24,0.0,1.93,0.0,7.81,0.0,0.0,0.16,0.0,0.0,0.0,0.25,0.0,0.0,0.0,87.61
0.0,0.0,1.24,0.0,0.7,0.0,0.0,0.0,0.0,0.12,2.49,0.0,0.0,0.0,0.0,0.0,0.0,95.45
0.18,0.11,0.33,0.32,1.98,0.0,5.7,0.0,0.0,0.1,0.0,0.0,0.0,0.25,0.0,0.0,0.0,91.03
0.8,0.0,4.4,0.8,0.5,0.0,0.0,0.0,0.0,0.0,0.0,0.0,0.0,0.0,0.0,0.0,0.0,93.5
1.35,0.25,0.275,0.7,0.85,0.0,0.0,0.0,0.0,0.0,0.0,0.0,0.0,0.0,0.0,0.0,0.0,96.575
0.01,0.02,1.39,0.0,1.58,0.0,7.55,0.0,0.0,0.12,0.0,0.0,0.0,0.0,0.0,0.0,0.0,89.33
0.5,0.5,4.35,0.6,1.5,0.1,0.25,0.0,0.15,0.05,0.0,0.0,0.0,0.0,0.0,0.0,0.0,92.0
0.6,0.7,0.275,0.15,1.0,0.195,0.25,0.0,0.15,0.0,0.0,0.0,0.0,0.0,0.0,0.0,0.0,96.68
0.85,0.7,4.45,0.8,0.5,0.1,0.25,0.0,0.15,0.05,0.0,0.0,0.0,0.0,0.0,0.0,0.0,92.15
0.8,0.0,4.5,0.8,0.5,0.0,0.0,0.0,0.0,0.0,0.0,0.0,0.0,0.0,0.0,0.0,0.0,93.4
0.0,0.0,0.39,0.28,2.02,0.0,5.48,0.0,0.0,0.11,0.0,0.0,0.0,0.26,0.0,0.0,0.0,91.46000000000001
0.08,0.16,4.35,0.6,1.5,0.0,0.0,0.0,0.0,0.0,0.0,0.0,0.0,0.0,0.0,0.0,0.0,93.31
0.0,0.0,4.4,0.6,1.5,0.0,0.0,0.0,0.0,0.0,0.0,0.0,0.0,0.0,0.0,0.0,0.0,93.5
1.18,0.191,1.13,0.0,1.58,0.169,0.0,0.151,0.032,0.0,0.0,0.0,0.0,0.0,0.0,0.0,0.0,95.56700000000001
0.0,0.0,10.0,0.0,0.25,0.0,0.0,0.0,0.0,0.0,0.0,0.0,0.0,0.0,0.0,0.0,0.0,89.75
0.0,0.0,0.39,0.28,2.02,0.0,5.48,0.0,0.0,0.11,0.0,0.0,0.0,0.26,0.0,0.0,0.0,91.46000000000001
1.35,0.25,0.275,0.7,0.85,0.0,0.0,0.0,0.0,0.0,0.0,0.0,0.0,0.0,0.0,0.0,0.0,96.575
0.4,0.175,0.1,0.1,0.675,0.0,0.0,0.0,0.0,0.0,0.0,0.0,0.0,0.0,0.0,0.0,0.0,98.55
0.055,0.061,2.35,0.0076,1.94,0.0051,7.76,0.0,0.0,0.12,0.0,0.0,0.0,0.0,0.0,0.0,0.0,87.7013
0.01,0.02,1.39,0.0,1.58,0.0,7.55,0.0,0.0,0.12,0.0,0.0,0.0,0.0,0.0,0.0,0.0,89.33
0.0,0.0,1.24,0.0,0.7,0.0,0.0,0.0,0.0,0.12,2.49,0.0,0.0,0.0,0.0,0.0,0.0,95.45
0.5,0.0,0.0,0.0,0.6,0.0,0.0,0.0,0.0,0.0,0.0,0.0,0.0,0.0,0.0,0.0,0.0,98.9
0.01,0.02,1.39,0.0,1.58,0.0,7.55,0.0,0.0,0.12,0.0,0.0,0.0,0.0,0.0,0.0,0.0,89.33
0.16,0.28,4.52,0.58,1.62,0.0,0.2,0.0,0.1,0.0,0.0,0.1,0.0,0.0,0.0,0.0,0.0,92.44
0.5,0.5,4.35,0.6,1.5,0.1,0.25,0.0,0.15,0.05,0.0,0.0,0.0,0.0,0.0,0.0,0.0,92.0
0.44,0.25,3.8,0.68,0.56,0.02,0.02,0.0,0.0,0.0,0.0,0.0,0.0,0.0,0.0,0.0,0.0,94.23
0.05,0.06,1.2,0.0,2.38,0.0,6.64,0.0,0.03,0.0,0.0,0.0,0.0,0.0,0.0,0.0,0.0,89.64
0.0,0.0,1.6,0.0,2.5,0.25,5.6,0.0,0.0,0.0,0.0,0.0,0.0,0.0,0.0,0.0,0.0,90.05
0.055,0.061,2.35,0.0076,1.94,0.0051,7.76,0.0,0.0,0.12,0.0,0.0,0.0,0.0,0.0,0.0,0.0,87.7013
0.6,0.35,0.275,0.15,1.0,0.0,0.0,0.0,0.0,0.0,0.0,0.0,0.0,0.0,0.0,0.0,0.0,97.625
0.0,0.0,0.37,0.28,1.96,0.0,5.45,0.0,0.0,0.11,0.0,0.0,0.0,0.26,0.0,0.0,0.0,91.57
0.5,0.5,4.35,0.6,1.5,0.1,0.25,0.0,0.15,0.0,0.0,0.0,0.0,0.0,0.0,0.0,0.0,92.05
0.08,0.16,0.34,0.33,1.91,0.0,5.39,0.0,0.0,0.0,0.0,0.0,0.0,0.0,0.0,0.0,0.0,91.78999999999999
1.35,0.25,0.95,0.85,1.1,0.0,0.0,0.0,0.0,0.0,0.0,0.0,0.0,0.0,0.0,0.0,0.0,95.5
0.12,0.15,2.3,0.1,2.25,0.04,6.2,0.0,0.06,0.115,0.0,0.0,0.0,0.0,0.0,0.0,0.0,88.66499999999999
0.055,0.061,2.35,0.0076,1.94,0.0051,7.76,0.0,0.0,0.12,0.0,0.0,0.0,0.0,0.0,0.0,0.0,87.7013
0.5,0.7,4.0,0.7,0.6,0.1,0.25,0.0,0.15,0.0,0.0,0.0,0.0,0.0,0.0,0.0,0.0,93.0
0.0,0.0,1.6,0.0,2.2,0.22,5.7,0.0,0.0,0.0,0.0,0.0,0.0,0.0,0.0,0.0,0.0,90.28
0.85,0.7,4.45,0.8,0.5,0.1,0.25,0.0,0.15,0.05,0.0,0.0,0.0,0.0,0.0,0.0,0.0,92.15
0.0,0.0,1.22,0.0,0.63,0.0,0.92,0.0,0.0,0.1,2.57,0.0,0.0,0.0,0.0,0.0,0.0,94.56
0.18,0.11,0.33,0.32,1.98,0.0,5.7,0.0,0.0,0.1,0.0,0.0,0.0,0.25,0.0,0.0,0.0,91.03
0.6,0.35,0.275,0.15,1.0,0.0,0.0,0.0,0.0,0.0,0.0,0.0,0.0,0.0,0.0,0.0,0.0,97.625
0.01,0.01,4.3,0.0,0.0,0.0,0.0,0.0,0.0,0.14,1.18,0.0,0.0,0.0,0.0,0.0,0.0,94.36
0.0,0.0,5.3,0.0,0.0,0.0,0.0,0.0,0.0,0.17,2.49,0.0,0.0,0.0,0.0,0.0,0.0,92.04
0.11,0.18,0.33,0.32,1.98,0.0,5.41,0.0,0.0,0.1,0.0,0.0,0.0,0.25,0.0,0.0,0.0,91.32
0.18,0.11,0.33,0.32,1.98,0.0,5.7,0.0,0.0,0.1,0.0,0.0,0.0,0.25,0.0,0.0,0.0,91.03
0.0,0.0,6.0,0.0,0.0,0.0,0.0,0.0,0.0,0.17,2.54,0.0,0.0,0.0,0.0,0.0,0.0,91.28999999999999
0.01,0.02,1.39,0.0,1.58,0.0,7.55,0.0,0.0,0.12,0.0,0.0,0.0,0.0,0.0,0.0,0.0,89.33
0.85,0.7,4.45,0.8,0.5,0.1,0.25,0.0,0.15,0.0,0.0,0.0,0.0,0.0,0.0,0.0,0.0,92.2
0.055,0.061,2.35,0.0076,1.94,0.0051,7.76,0.0,0.0,0.12,0.0,0.0,0.0,0.0,0.0,0.0,0.0,87.7013
0.0,0.0,0.37,0.28,1.96,0.0,5.45,0.0,0.0,0.11,0.0,0.0,0.0,0.26,0.0,0.0,0.0,91.57
0.055,0.061,2.35,0.0076,1.94,0.0051,7.76,0.0,0.0,0.12,0.0,0.0,0.0,0.0,0.0,0.0,0.0,87.7013
0.0,0.0,0.0,0.0,0.0,0.0,0.0,0.0,0.0,0.0,0.9,0.0,0.0,0.0,0.0,0.0,0.0,99.1
0.04,0.1,3.49,1.31,2.15,0.002,0.0,0.0,0.0,0.0,0.0,0.0,0.0,0.0,0.0,0.0,0.0,92.908
0.0,0.0,1.6,0.0,2.5,0.0,5.6,0.0,0.0,0.0,0.0,0.0,0.0,0.0,0.0,0.0,0.0,90.3
0.04,0.05,4.22,0.0,0.54,0.0,0.0,0.0,0.0,0.16,1.31,0.0,0.0,0.0,0.0,0.0,0.0,93.68
0.18,0.11,0.33,0.32,1.98,0.0,5.7,0.0,0.0,0.1,0.0,0.0,0.0,0.25,0.0,0.0,0.0,91.03
0.02,0.04,1.79,0.0,1.5,0.0,7.41,0.0,0.04,0.09,0.0,0.0,0.0,0.0,0.0,0.0,0.0,89.11
0.0,0.0,2.6,0.25,0.45,0.0,0.0,0.0,0.0,0.0,0.0,0.0,0.0,0.0,0.0,0.0,0.0,96.7
0.0,0.0,3.7,0.3,0.37,0.0,0.5,0.0,0.0,0.14,1.5,0.0,0.0,0.0,0.0,0.0,0.0,93.49
0.3,0.4,4.37,0.6,1.29,0.05,0.075,0.0,0.009,0.0,0.0,0.0,0.0,0.0,0.0,0.0,0.0,92.906
0.5,0.5,4.5,0.58,1.5,0.01,0.25,0.0,0.15,0.0,0.0,0.0,0.0,0.0,0.0,0.0,0.0,92.01
0.01,0.08,5.64,0.33,0.23,0.0,0.0,0.09,0.11,0.15,0.0,0.0,0.0,0.0,0.0,0.0,0.0,93.36
0.0,0.0,0.22,0.0,2.46,0.0,6.8,0.0,0.0,0.0,0.0,0.0,0.0,0.0,0.0,0.0,0.0,90.52
0.0,0.0,1.2,0.0,2.0,0.0,0.0,0.0,0.0,0.12,2.5,0.0,0.0,0.0,0.0,0.0,0.0,94.18
0.0,0.0,0.37,0.28,1.96,0.0,5.45,0.0,0.0,0.11,0.0,0.0,0.0,0.26,0.0,0.0,0.0,91.57
0.01,0.02,1.39,0.0,1.58,0.0,7.55,0.0,0.0,0.12,0.0,0.0,0.0,0.0,0.0,0.0,0.0,89.33
0.81,0.27,4.27,0.74,0.52,0.02,0.09,0.0,0.02,0.0,0.0,0.0,0.0,0.0,0.0,0.0,0.0,93.26
0.0,0.0,0.19,0.0,2.55,0.0,6.98,0.0,0.0,0.29,0.0,0.0,0.0,0.27,0.0,0.0,0.0,89.72
0.3,0.4,4.4,0.6,1.6,0.1,0.2,0.0,0.0,0.0,0.0,0.0,0.0,0.0,0.0,0.0,0.0,92.4
0.04,0.08,1.15,0.31,2.41,0.05,6.85,0.0,0.03,0.13,0.0,0.0,0.001,0.0,0.0,0.0,0.0,88.949
1.35,0.25,0.275,0.7,0.85,0.0,0.0,0.0,0.0,0.0,0.0,0.0,0.0,0.0,0.0,0.0,0.0,96.575
0.0,0.0,3.7,0.3,0.37,0.0,0.5,0.0,0.0,0.14,1.5,0.0,0.0,0.0,0.0,0.0,0.0,93.49
0.0,0.0,0.22,0.0,2.46,0.0,6.8,0.0,0.0,0.0,0.0,0.0,0.0,0.0,0.0,0.0,0.0,90.52
0.0,0.0,6.3,0.3,0.0,0.0,0.0,0.1,0.06,0.18,0.0,0.0,0.0,0.0,0.0,0.0,0.0,93.06
0.5,0.5,4.35,0.6,1.5,0.1,0.25,0.0,0.15,0.0,0.0,0.0,0.0,0.0,0.0,0.0,0.0,92.05
0.4,0.0,0.0,0.0,0.7,0.0,0.0,0.0,0.0,0.0,0.0,0.0,0.0,0.0,0.0,0.0,0.0,98.9
0.0,0.0,1.2,0.0,2.5,0.0,0.0,0.0,0.0,0.12,2.5,0.0,0.0,0.0,0.0,0.0,0.0,93.68
0.03,0.08,1.18,0.51,2.41,0.1,6.57,0.0,0.05,0.16,0.0,0.0,0.001,0.0,0.0,0.0,0.0,88.909
1.0,0.0,0.0,0.6,0.6,0.0,0.0,0.0,0.0,0.0,0.0,0.0,0.0,0.0,0.0,0.0,0.0,97.8
0.5,0.5,4.5,0.58,1.5,0.01,0.25,0.0,0.15,0.0,0.0,0.0,0.0,0.0,0.0,0.0,0.0,92.01
0.055,0.061,2.35,0.0076,1.94,0.0051,7.76,0.0,0.0,0.12,0.0,0.0,0.0,0.0,0.0,0.0,0.0,87.7013
0.3,0.4,0.1,0.25,2.8,0.2,4.0,0.0,0.1,0.0,0.0,0.0,0.0,0.0,0.0,0.0,0.0,91.85
0.055,0.061,2.35,0.0076,1.94,0.0051,7.76,0.0,0.0,0.12,0.0,0.0,0.0,0.0,0.0,0.0,0.0,87.7013
0.04,0.07,1.2,0.0,2.42,0.04,6.66,0.0,0.03,0.0,0.0,0.0,0.004,0.0,0.0,0.0,0.0,89.536
0.0,0.0,4.09,0.0,0.7,0.0,0.39,0.0,0.0,0.14,0.98,0.0,0.0,0.0,0.0,0.0,0.0,93.7
0.0,0.0,0.75,0.0,1.76,0.0,2.22,0.0,0.0,0.12,2.59,0.0,0.0,0.0,0.0,0.0,0.0,92.56
0.4,0.35,0.1,0.1,0.675,0.1,0.1,0.0,0.1,0.0,0.0,0.0,0.0,0.0,0.0,0.0,0.0,98.075
0.0,0.93,2.23,0.0,1.21,0.0,0.0,0.0,0.0,0.3,0.0,1.09,0.0,0.3,0.0,0.0,0.0,93.94
0.05,0.05,0.98,0.32,1.45,0.0,2.88,0.0,0.0,0.11,1.81,0.0,0.0,0.0,0.0,0.0,0.0,92.35
0.04,0.07,1.19,0.0,2.42,0.04,6.9,0.0,0.04,0.08,0.0,0.0,0.002,0.0,0.0,0.0,0.0,89.218
0.01,0.02,1.39,0.0,1.58,0.0,7.55,0.0,0.0,0.12,0.0,0.0,0.0,0.0,0.0,0.0,0.0,89.33
0.56,0.22,0.24,0.02,1.01,0.06,0.01,0.0,0.0,0.0,0.0,0.0,0.0,0.0,0.0,0.0,0.0,97.88
0.01,0.02,1.39,0.0,1.58,0.0,7.55,0.0,0.0,0.12,0.0,0.0,0.0,0.0,0.0,0.0,0.0,89.33
0.3,0.4,4.37,0.6,1.29,0.05,0.075,0.0,0.009,0.0,0.0,0.0,0.0,0.0,0.0,0.0,0.0,92.906
0.4,0.35,0.1,0.1,0.675,0.1,0.1,0.0,0.1,0.0,0.0,0.0,0.0,0.0,0.0,0.0,0.0,98.075
0.4,0.0,0.0,0.0,0.7,0.0,0.0,0.0,0.0,0.0,0.0,0.0,0.0,0.0,0.0,0.0,0.0,98.9
0.85,1.0,4.45,0.8,0.05,0.1,0.25,0.0,0.15,0.0,0.0,0.0,0.0,0.0,0.0,0.0,0.0,92.35
0.4,0.35,0.1,0.1,0.675,0.1,0.1,0.0,0.1,0.0,0.0,0.0,0.0,0.0,0.0,0.0,0.0,98.075
1.0,0.25,0.1,0.6,0.6,0.0,0.0,0.0,0.0,0.0,0.0,0.0,0.0,0.0,0.0,0.0,0.0,97.45
0.0,0.0,0.0,0.35,1.98,0.0,5.42,0.0,0.0,0.12,0.0,0.0,0.0,0.24,0.0,0.0,0.0,91.89
0.2,0.3,6.3,0.3,0.02,0.0,0.1,0.1,0.08,0.175,0.0,0.0,0.0,0.0,0.0,0.0,0.0,92.425
1.21,0.179,1.09,0.0,1.57,0.178,0.0,0.158,0.028,0.0,0.0,0.0,0.0,0.0,0.0,0.0,0.0,95.587
0.02,0.04,1.79,0.0,1.5,0.0,7.41,0.0,0.04,0.09,0.0,0.0,0.0,0.0,0.0,0.0,0.0,89.11
0.0,0.0,0.22,0.0,2.49,0.0,7.11,0.0,0.0,0.4,0.0,0.0,0.0,0.22,0.0,0.0,0.0,89.56
0.85,1.3,2.2,0.2,1.6,0.0,0.3,0.0,0.15,0.0,0.0,1.2,0.0,0.0,0.0,0.0,0.0,92.2
0.01,0.02,1.39,0.0,1.58,0.0,7.55,0.0,0.0,0.12,0.0,0.0,0.0,0.0,0.0,0.0,0.0,89.33
0.4,0.075,0.2,0.05,0.675,0.0,0.0,0.0,0.0,0.0,0.0,0.0,0.0,0.0,0.0,0.0,0.0,98.6
0.18,0.11,0.33,0.32,1.98,0.0,5.7,0.0,0.0,0.1,0.0,0.0,0.0,0.25,0.0,0.0,0.0,91.03
0.4,0.5,1.6,0.3,2.5,0.23,5.6,0.0,0.2,0.05,0.0,0.0,0.0,0.0,0.0,0.0,0.0,88.62
0.04,0.08,1.22,0.39,2.61,0.0,6.76,0.0,0.02,0.0,0.0,0.0,0.001,0.0,0.0,0.0,0.0,88.879
1.35,0.5,0.275,0.7,0.85,0.1,0.25,0.0,0.15,0.0,0.0,0.0,0.0,0.0,0.0,0.0,0.0,95.825
0.4,0.175,0.1,0.1,0.675,0.0,0.0,0.0,0.0,0.0,0.0,0.0,0.0,0.0,0.0,0.0,0.0,98.55
0.4,0.35,0.1,0.1,0.675,0.1,0.1,0.0,0.1,0.0,0.0,0.0,0.0,0.0,0.0,0.0,0.0,98.075
0.01,0.02,1.39,0.0,1.58,0.0,7.55,0.0,0.0,0.12,0.0,0.0,0.0,0.0,0.0,0.0,0.0,89.33
0.082,0.35,0.12,0.3,2.3,0.0,5.2,0.0,0.0,0.13,0.0,0.0,0.0,0.0,0.0,0.0,0.0,91.518
0.0,0.0,2.03,0.0,0.0,0.0,0.0,0.0,0.0,0.17,2.53,0.0,0.0,0.0,0.0,0.0,0.0,95.27
0.05,0.06,1.39,0.0,2.6,0.11,6.97,0.0,0.03,0.0,0.0,0.0,0.002,0.0,0.0,0.0,0.0,88.788
0.08,0.16,0.34,0.33,1.91,0.0,5.39,0.0,0.0,0.0,0.0,0.0,0.0,0.0,0.0,0.0,0.0,91.78999999999999
0.055,0.061,2.35,0.0076,1.94,0.0051,7.76,0.0,0.0,0.12,0.0,0.0,0.0,0.0,0.0,0.0,0.0,87.7013
0.6,0.0,0.28,0.0,1.0,0.2,0.0,0.0,0.0,0.0,0.0,0.0,0.0,0.0,0.0,0.0,0.0,97.92
0.0,0.0,0.0,0.5,2.1,0.3,4.2,0.0,0.0,0.0,0.0,0.0,0.0,0.0,0.0,0.0,0.0,92.9
0.55,0.47,0.28,0.0,0.98,0.19,0.19,0.0,0.0,0.0,0.0,0.0,0.0,0.0,0.0,0.0,0.0,97.34
0.0,0.0,0.0,0.0,0.6,0.4,7.0,0.0,0.15,0.0,0.0,0.0,0.0,0.0,0.0,0.0,0.0,91.85
0.6,0.7,0.275,0.15,1.0,0.195,0.25,0.0,0.15,0.0,0.0,0.0,0.0,0.0,0.0,0.0,0.0,96.68
0.0,0.0,1.1,0.0,0.61,0.0,2.08,0.0,0.0,0.12,2.38,0.0,0.0,0.0,0.0,0.0,0.0,93.71
0.4,0.075,0.2,0.05,0.675,0.0,0.0,0.0,0.0,0.0,0.0,0.0,0.0,0.0,0.0,0.0,0.0,98.6
0.0,0.0,2.24,0.0,1.95,0.0,7.82,0.0,0.0,0.16,0.0,0.0,0.0,0.0,0.0,0.0,0.0,87.83
0.01,0.02,1.42,0.01,2.19,0.19,5.37,0.0,0.01,0.0,0.0,0.0,0.0,0.0,0.0,0.0,0.0,90.78
0.6,0.4,0.3,0.12,1.01,0.2,0.18,0.0,0.0,0.0,0.0,0.0,0.0,0.0,0.0,0.0,0.0,97.19
0.0,0.0,0.75,0.0,1.76,0.0,2.22,0.0,0.0,0.12,2.59,0.0,0.0,0.0,0.0,0.0,0.0,92.56
0.0,0.0,0.7,0.0,0.35,0.0,7.5,0.0,0.0,0.0,0.0,0.0,0.0,0.0,0.0,0.0,0.0,91.45
0.0,0.0,1.07,0.0,1.07,0.0,3.4,0.0,0.0,0.1,1.8,0.0,0.0,0.0,0.0,0.0,0.0,92.56
0.055,0.061,2.35,0.0076,1.94,0.0051,7.76,0.0,0.0,0.12,0.0,0.0,0.0,0.0,0.0,0.0,0.0,87.7013
0.2,0.3,1.55,0.15,2.6,0.2,5.5,0.0,0.0,0.0,0.0,0.0,0.0,0.0,0.0,0.0,0.0,89.5
0.4,0.35,0.1,0.1,0.675,0.1,0.1,0.0,0.1,0.0,0.0,0.0,0.0,0.0,0.0,0.0,0.0,98.075
0.56,0.22,0.24,0.02,1.01,0.06,0.01,0.0,0.0,0.0,0.0,0.0,0.0,0.0,0.0,0.0,0.0,97.88
0.4,0.35,0.1,0.1,0.675,0.1,0.1,0.0,0.1,0.0,0.0,0.0,0.0,0.0,0.0,0.0,0.0,98.075
0.082,0.35,0.12,0.3,2.3,0.0,5.2,0.0,0.0,0.13,0.0,0.0,0.0,0.0,0.0,0.0,0.0,91.518
0.04,0.05,4.01,0.0,0.0,0.0,0.0,0.0,0.0,0.16,1.24,0.0,0.0,0.0,0.0,0.0,0.0,94.5
0.85,0.7,4.45,0.8,0.5,0.1,0.25,0.0,0.15,0.0,0.0,0.0,0.0,0.0,0.0,0.0,0.0,92.2
12.25,1.0,0.9,0.0,1.05,0.1,0.25,0.0,0.0,0.0,0.0,0.9,0.0,0.0,0.0,0.0,0.0,83.55
0.15,0.26,1.5,0.0,2.4,0.0,5.7,0.0,0.0,0.0,0.0,0.0,0.0,0.0,0.0,0.0,0.0,89.99
0.0,0.0,4.0,0.0,1.5,0.0,0.0,0.0,0.0,0.0,0.0,2.0,0.0,0.0,0.0,0.0,0.0,92.5
0.8,0.456,0.321,0.212,0.91,0.021,0.178,0.0,0.0,0.0,0.0,0.0,0.0,0.0,0.0,0.0,0.0,97.102
0.0,0.0,1.0,0.0,0.0,0.0,0.0,0.0,0.0,0.17,2.5,0.0,0.0,0.0,0.0,0.0,0.0,96.33
0.0,0.0,1.24,0.0,0.7,0.0,0.0,0.0,0.0,0.12,2.49,0.0,0.0,0.0,0.0,0.0,0.0,95.45
0.5,0.5,4.5,0.58,1.5,0.01,0.25,0.0,0.15,0.0,0.0,0.0,0.0,0.0,0.0,0.0,0.0,92.01
0.18,0.11,0.33,0.32,1.98,0.0,5.7,0.0,0.0,0.1,0.0,0.0,0.0,0.25,0.0,0.0,0.0,91.03
0.0,0.0,6.0,0.0,0.0,0.0,0.0,0.0,0.0,0.17,2.54,0.0,0.0,0.0,0.0,0.0,0.0,91.28999999999999
0.85,0.7,4.45,0.8,0.5,0.1,0.25,0.0,0.15,0.0,0.0,0.0,0.0,0.0,0.0,0.0,0.0,92.2
0.01,0.02,1.39,0.0,1.58,0.0,7.55,0.0,0.0,0.12,0.0,0.0,0.0,0.0,0.0,0.0,0.0,89.33
1.0,0.5,0.1,0.6,0.6,0.0,0.2,0.0,0.2,0.0,0.0,0.0,0.0,0.0,0.0,0.0,0.0,96.8
0.0,0.0,5.5,0.0,0.0,0.0,0.0,0.0,0.0,0.0,0.0,0.0,0.0,0.0,0.0,0.4,0.4,93.7
0.0,0.0,0.0,0.0,0.0,0.0,0.0,0.0,0.0,0.0,0.0,0.0,0.0,0.0,0.0,0.0,0.0,100.0
0.85,0.7,4.45,0.8,0.5,0.1,0.25,0.0,0.15,0.05,0.0,0.0,0.0,0.0,0.0,0.0,0.0,92.15
0.8,0.456,0.321,0.212,0.91,0.021,0.178,0.0,0.0,0.0,0.0,0.0,0.0,0.0,0.0,0.0,0.0,97.102
0.0,0.0,1.6,0.0,2.5,0.25,5.6,0.0,0.0,0.0,0.0,0.0,0.0,0.0,0.0,0.0,0.0,90.05
0.0,0.0,0.22,0.0,2.49,0.0,7.11,0.0,0.0,0.4,0.0,0.0,0.0,0.22,0.0,0.0,0.0,89.56
0.62,0.33,0.28,0.06,0.9,0.17,0.02,0.0,0.02,0.0,0.0,0.0,0.0,0.0,0.0,0.0,0.0,97.6
0.0,0.0,0.75,0.0,1.76,0.0,2.22,0.0,0.0,0.12,2.59,0.0,0.0,0.0,0.0,0.0,0.0,92.56
0.0,0.0,1.22,0.0,0.63,0.0,0.92,0.0,0.0,0.1,2.57,0.0,0.0,0.0,0.0,0.0,0.0,94.56
0.29,0.42,4.2,0.63,1.26,0.0,0.0,0.0,0.0,0.0,0.0,0.0,0.0,0.0,0.0,0.0,0.0,93.2
0.4,0.15,0.2,0.05,0.675,0.0,0.05,0.0,0.0,0.0,0.0,0.0,0.0,0.0,0.0,0.0,0.0,98.475
0.3,0.4,4.37,0.6,1.29,0.05,0.075,0.0,0.009,0.0,0.0,0.0,0.0,0.0,0.0,0.0,0.0,92.906
0.85,0.7,4.45,0.8,0.5,0.1,0.25,0.0,0.15,0.05,0.0,0.0,0.0,0.0,0.0,0.0,0.0,92.15
0.01,0.02,1.39,0.0,1.58,0.0,7.55,0.0,0.0,0.12,0.0,0.0,0.0,0.0,0.0,0.0,0.0,89.33
0.0,0.0,1.1,0.0,0.61,0.0,2.08,0.0,0.0,0.12,2.38,0.0,0.0,0.0,0.0,0.0,0.0,93.71
0.35,1.2,2.2,0.2,1.6,0.0,0.3,0.0,0.06,0.0,0.0,1.2,0.0,0.0,0.0,0.0,0.0,92.89
0.2,0.57,1.76,0.15,3.64,0.5,6.04,0.0,0.0,0.0,0.0,0.0,0.0,0.0,0.0,0.0,0.0,87.14
0.4,0.35,0.1,0.1,0.675,0.1,0.1,0.0,0.1,0.0,0.0,0.0,0.0,0.0,0.0,0.0,0.0,98.075
0.4,0.5,2.0,0.3,2.75,0.23,6.8,0.0,0.2,0.0,0.0,0.0,0.0,0.0,0.0,0.0,0.0,86.82
0.055,0.061,2.35,0.0076,1.94,0.0051,7.76,0.0,0.0,0.12,0.0,0.0,0.0,0.0,0.0,0.0,0.0,87.7013
0.4,0.15,0.2,0.05,0.675,0.0,0.05,0.0,0.0,0.0,0.0,0.0,0.0,0.0,0.0,0.0,0.0,98.475
0.01,0.02,1.39,0.0,1.58,0.0,7.55,0.0,0.0,0.12,0.0,0.0,0.0,0.0,0.0,0.0,0.0,89.33
0.3,0.5,1.6,0.3,2.5,0.23,5.6,0.0,0.2,0.0,0.0,0.0,0.0,0.0,0.0,0.0,0.0,88.77
0.055,0.061,2.35,0.0076,1.94,0.0051,7.76,0.0,0.0,0.12,0.0,0.0,0.0,0.0,0.0,0.0,0.0,87.7013
0.0,0.0,1.6,0.0,2.2,0.22,5.7,0.0,0.0,0.0,0.0,0.0,0.0,0.0,0.0,0.0,0.0,90.28
0.0,0.0,4.0,0.0,1.5,0.0,0.0,0.0,0.0,0.0,0.0,2.0,0.0,0.0,0.0,0.0,0.0,92.5
0.4,0.5,1.6,0.3,2.5,0.23,5.6,0.0,0.2,0.0,0.0,0.0,0.0,0.0,0.0,0.0,0.0,88.67
0.4,0.35,0.1,0.1,0.675,0.1,0.1,0.0,0.1,0.0,0.0,0.0,0.0,0.0,0.0,0.0,0.0,98.075
0.15,0.26,1.5,0.0,2.4,0.0,5.7,0.0,0.0,0.0,0.0,0.0,0.0,0.0,0.0,0.0,0.0,89.99
0.29,0.42,4.2,0.63,1.26,0.0,0.0,0.0,0.0,0.0,0.0,0.0,0.0,0.0,0.0,0.0,0.0,93.2
0.01,0.02,1.42,0.01,2.19,0.19,5.37,0.0,0.01,0.0,0.0,0.0,0.0,0.0,0.0,0.0,0.0,90.78
0.5,0.5,4.35,0.6,1.5,0.1,0.25,0.0,0.15,0.0,0.0,0.0,0.0,0.0,0.0,0.0,0.0,92.05
0.0,0.0,10.0,0.0,0.25,0.0,0.0,0.0,0.0,0.0,0.0,0.0,0.0,0.0,0.0,0.0,0.0,89.75
0.6,0.35,0.275,0.15,1.0,0.0,0.0,0.0,0.0,0.0,0.0,0.0,0.0,0.0,0.0,0.0,0.0,97.625
0.0,0.0,4.25,0.0,1.18,0.0,0.43,0.0,0.0,0.11,1.18,0.0,0.0,0.0,0.0,0.0,0.0,92.85
0.11,0.18,0.33,0.32,1.98,0.0,5.41,0.0,0.0,0.1,0.0,0.0,0.0,0.25,0.0,0.0,0.0,91.32
0.0,0.0,2.24,0.0,1.95,0.0,7.82,0.0,0.0,0.16,0.0,0.0,0.0,0.0,0.0,0.0,0.0,87.83
0.2,0.3,6.3,0.3,0.02,0.0,0.1,0.1,0.08,0.175,0.0,0.0,0.0,0.0,0.0,0.0,0.0,92.425
0.4,0.35,0.1,0.1,0.675,0.1,0.1,0.0,0.1,0.0,0.0,0.0,0.0,0.0,0.0,0.0,0.0,98.075
0.85,0.7,4.45,0.8,0.5,0.1,0.25,0.0,0.15,0.05,0.0,0.0,0.0,0.0,0.0,0.0,0.0,92.15
0.01,0.02,1.42,0.01,2.19,0.19,5.37,0.0,0.01,0.0,0.0,0.0,0.0,0.0,0.0,0.0,0.0,90.78
0.0,0.0,2.24,0.0,1.93,0.0,7.81,0.0,0.0,0.16,0.0,0.0,0.0,0.25,0.0,0.0,0.0,87.61
0.4,0.5,1.6,0.3,2.5,0.23,5.6,0.0,0.2,0.0,0.0,0.0,0.0,0.0,0.0,0.0,0.0,88.67
0.0,0.0,4.4,0.6,1.5,0.0,0.0,0.0,0.0,0.0,0.0,0.0,0.0,0.0,0.0,0.0,0.0,93.5
0.85,0.7,4.45,0.8,0.5,0.1,0.25,0.0,0.15,0.05,0.0,0.0,0.0,0.0,0.0,0.0,0.0,92.15
0.5,0.0,4.0,0.7,0.6,0.0,0.0,0.0,0.0,0.0,0.0,0.0,0.0,0.0,0.0,0.0,0.0,94.2
0.51,0.49,3.95,0.96,1.65,0.0,0.0,0.0,0.0,0.0,2.0,0.0,0.0,0.0,0.0,0.0,0.0,90.44
0.6,0.4,0.3,0.12,1.01,0.2,0.18,0.0,0.0,0.0,0.0,0.0,0.0,0.0,0.0,0.0,0.0,97.19
0.6,0.7,0.275,0.15,1.0,0.195,0.25,0.0,0.15,0.0,0.0,0.0,0.0,0.0,0.0,0.0,0.0,96.68
0.4,0.0,0.0,0.0,0.7,0.0,0.0,0.0,0.0,0.0,0.0,0.0,0.0,0.0,0.0,0.0,0.0,98.9
0.0,0.0,1.5,0.0,2.65,0.21,5.7,0.0,0.0,0.0,0.0,0.0,0.0,0.0,0.0,0.0,0.0,89.94
0.18,1.1,2.3,0.0,1.6,0.0,0.0,0.0,0.07,0.0,0.0,1.0,0.0,0.0,0.0,0.0,0.0,93.75
0.18,0.11,0.33,0.32,1.98,0.0,5.7,0.0,0.0,0.1,0.0,0.0,0.0,0.25,0.0,0.0,0.0,91.03
0.6,0.0,0.25,0.0,1.0,0.25,0.0,0.0,0.0,0.0,0.0,0.0,0.0,0.0,0.0,0.0,0.0,97.9
0.055,0.061,2.35,0.0076,1.94,0.0051,7.76,0.0,0.0,0.12,0.0,0.0,0.0,0.0,0.0,0.0,0.0,87.7013
0.04,0.05,4.22,0.0,0.54,0.0,0.0,0.0,0.0,0.16,1.31,0.0,0.0,0.0,0.0,0.0,0.0,93.68
0.8,0.0,4.5,0.8,0.5,0.0,0.0,0.0,0.0,0.0,0.0,0.0,0.0,0.0,0.0,0.0,0.0,93.4
0.0,0.0,0.0,0.0,0.0,0.0,0.0,0.0,0.0,0.17,2.5,0.0,0.0,0.0,0.0,0.0,0.0,97.33
0.0,0.0,0.22,0.0,2.49,0.0,7.11,0.0,0.0,0.4,0.0,0.0,0.0,0.22,0.0,0.0,0.0,89.56
0.8,0.456,0.321,0.212,0.91,0.021,0.178,0.0,0.0,0.0,0.0,0.0,0.0,0.0,0.0,0.0,0.0,97.102
0.0,0.0,1.24,0.0,0.7,0.0,0.0,0.0,0.0,0.12,2.49,0.0,0.0,0.0,0.0,0.0,0.0,95.45
0.0,0.0,2.6,0.0,0.35,0.0,0.0,0.0,0.0,0.0,0.0,0.0,0.0,0.0,0.0,0.0,0.0,97.05
0.0,0.0,2.88,0.0,0.0,0.0,0.0,0.0,0.0,0.16,2.52,0.0,0.0,0.0,0.0,0.0,0.0,94.44
0.0,0.0,0.22,0.0,2.46,0.0,6.8,0.0,0.0,0.0,0.0,0.0,0.0,0.0,0.0,0.0,0.0,90.52
0.0,0.0,4.25,0.39,0.37,0.0,0.61,0.0,0.0,0.12,1.01,0.0,0.0,0.28,0.0,0.0,0.0,92.97
0.01,0.02,1.39,0.0,1.58,0.0,7.55,0.0,0.0,0.12,0.0,0.0,0.0,0.0,0.0,0.0,0.0,89.33
0.0,0.0,4.6,0.35,0.35,0.0,0.0,0.0,2.5,0.0,0.0,0.0,0.0,0.0,0.7,0.0,0.0,91.5
0.85,0.7,4.45,0.8,0.5,0.1,0.25,0.0,0.15,0.0,0.0,0.0,0.0,0.0,0.0,0.0,0.0,92.2
0.0,0.0,0.37,0.28,1.96,0.0,5.45,0.0,0.0,0.11,0.0,0.0,0.0,0.26,0.0,0.0,0.0,91.57
0.0,0.0,0.19,0.0,2.49,0.0,6.72,0.0,0.0,0.16,0.0,0.0,0.0,0.1,0.0,0.0,0.0,90.34
0.08,0.16,0.34,0.33,1.91,0.0,5.39,0.0,0.0,0.0,0.0,0.0,0.0,0.0,0.0,0.0,0.0,91.78999999999999
0.9,1.0,4.0,0.2,1.5,0.1,0.25,0.0,0.0,0.0,0.0,2.0,0.0,0.0,0.0,0.0,0.0,90.05
0.8,0.0,4.4,0.75,0.7,0.0,0.0,0.0,0.0,0.0,0.0,0.0,0.0,0.0,0.0,0.0,0.0,93.35
0.3,0.4,4.37,0.6,1.29,0.05,0.075,0.0,0.009,0.0,0.0,0.0,0.0,0.0,0.0,0.0,0.0,92.906
0.0,0.0,0.37,0.28,1.96,0.0,5.45,0.0,0.0,0.11,0.0,0.0,0.0,0.26,0.0,0.0,0.0,91.57
0.0,0.0,0.75,0.0,1.76,0.0,2.22,0.0,0.0,0.12,2.59,0.0,0.0,0.0,0.0,0.0,0.0,92.56
0.6,0.0,0.28,0.0,1.0,0.2,0.0,0.0,0.0,0.0,0.0,0.0,0.0,0.0,0.0,0.0,0.0,97.92
0.8,0.0,4.4,0.8,0.5,0.0,0.0,0.0,0.0,0.0,0.0,0.0,0.0,0.0,0.0,0.0,0.0,93.5
0.0,0.0,0.21,0.0,2.6,0.0,6.84,0.0,0.0,0.18,0.0,0.0,0.0,0.37,0.0,0.0,0.0,89.8
0.51,0.53,4.23,0.65,1.69,0.0,0.0,0.0,0.0,0.0,0.0,0.0,0.0,0.0,0.0,0.0,0.0,92.39
0.5,0.5,4.35,0.6,1.5,0.1,0.25,0.0,0.15,0.05,0.0,0.0,0.0,0.0,0.0,0.0,0.0,92.0
0.5,0.5,4.35,0.6,1.5,0.1,0.25,0.0,0.0,0.0,0.0,0.0,0.0,0.0,0.0,0.0,0.0,92.2
0.4,0.35,0.1,0.1,0.675,0.1,0.1,0.0,0.1,0.0,0.0,0.0,0.0,0.0,0.0,0.0,0.0,98.075
0.4,0.075,0.2,0.05,0.675,0.0,0.0,0.0,0.0,0.0,0.0,0.0,0.0,0.0,0.0,0.0,0.0,98.6
0.5,0.5,1.7,0.4,2.3,0.175,6.0,0.0,0.1,0.0,0.0,0.0,0.0,0.0,0.0,0.0,0.0,88.325
0.0,0.0,4.12,0.0,0.37,0.0,0.41,0.0,0.0,0.11,1.05,0.0,0.0,0.0,0.0,0.0,0.0,93.94
0.0,0.0,0.0,0.35,1.98,0.0,5.42,0.0,0.0,0.12,0.0,0.0,0.0,0.12,0.0,0.0,0.0,92.01
0.0,0.0,3.7,0.3,0.37,0.0,0.5,0.0,0.0,0.14,1.5,0.0,0.0,0.0,0.0,0.0,0.0,93.49
0.0,0.0,1.07,0.0,1.07,0.0,3.4,0.0,0.0,0.1,1.8,0.0,0.0,0.0,0.0,0.0,0.0,92.56
0.14,0.01,3.87,0.01,0.6,0.0,0.001,0.0,0.0,0.0,0.0,0.0,0.0,0.0,0.0,0.0,0.0,95.369
0.5,0.5,4.35,0.6,1.5,0.1,0.25,0.0,0.15,0.0,0.0,0.0,0.0,0.0,0.0,0.0,0.0,92.05
0.0,0.0,0.0,0.5,2.1,0.3,4.2,0.0,0.0,0.0,0.0,0.0,0.0,0.0,0.0,0.0,0.0,92.9
0.0,0.0,0.75,0.0,1.76,0.0,2.22,0.0,0.0,0.12,2.59,0.0,0.0,0.0,0.0,0.0,0.0,92.56
0.5,0.5,4.35,0.6,1.5,0.1,0.25,0.0,0.15,0.05,0.0,0.0,0.0,0.0,0.0,0.0,0.0,92.0
1.4,0.0,1.0,0.8,1.1,0.0,0.0,0.0,0.0,0.0,0.0,0.0,0.0,0.0,0.0,0.0,0.0,95.7
1.0,0.25,0.1,0.6,0.6,0.0,0.0,0.0,0.0,0.0,0.0,0.0,0.0,0.0,0.0,0.0,0.0,97.45
0.0,0.0,0.19,0.0,2.55,0.0,6.98,0.0,0.0,0.29,0.0,0.0,0.0,0.27,0.0,0.0,0.0,89.72
0.18,0.11,0.33,0.32,1.98,0.0,5.7,0.0,0.0,0.1,0.0,0.0,0.0,0.25,0.0,0.0,0.0,91.03
0.6,0.0,0.28,0.0,1.0,0.09,0.0,0.0,0.0,0.0,0.0,0.0,0.0,0.0,0.0,0.55,0.55,96.93
0.0,0.0,0.75,0.0,1.76,0.0,2.22,0.0,0.0,0.12,2.59,0.0,0.0,0.0,0.0,0.0,0.0,92.56
0.18,0.11,0.33,0.32,1.98,0.0,5.7,0.0,0.0,0.1,0.0,0.0,0.0,0.25,0.0,0.0,0.0,91.03
0.0,0.0,1.07,0.0,1.07,0.0,3.4,0.0,0.0,0.1,1.8,0.0,0.0,0.0,0.0,0.0,0.0,92.56
0.0,0.0,4.6,0.35,0.35,0.0,0.0,0.0,2.5,0.0,0.0,0.0,0.0,0.0,0.7,0.0,0.0,91.5
0.01,0.08,5.64,0.33,0.23,0.0,0.0,0.09,0.11,0.15,0.0,0.0,0.0,0.0,0.0,0.0,0.0,93.36
0.01,0.08,5.64,0.33,0.23,0.0,0.0,0.09,0.11,0.15,0.0,0.0,0.0,0.0,0.0,0.0,0.0,93.36
0.055,0.061,2.35,0.0076,1.94,0.0051,7.76,0.0,0.0,0.12,0.0,0.0,0.0,0.0,0.0,0.0,0.0,87.7013
0.0,0.0,4.17,0.0,0.41,0.0,0.0,0.0,0.0,0.12,1.1,0.0,0.0,0.0,0.0,0.0,0.0,94.2
1.0,0.25,0.1,0.6,0.6,0.0,0.0,0.0,0.0,0.0,0.0,0.0,0.0,0.0,0.0,0.0,0.0,97.45
0.01,0.02,1.39,0.0,1.58,0.0,7.55,0.0,0.0,0.12,0.0,0.0,0.0,0.0,0.0,0.0,0.0,89.33
0.51,0.75,4.07,0.67,1.53,0.0,0.0,0.0,0.0,0.0,4.0,0.0,0.0,0.0,0.0,0.0,0.0,88.47
1.0,0.25,0.1,0.6,0.6,0.0,0.0,0.0,0.0,0.0,0.0,0.0,0.0,0.0,0.0,0.0,0.0,97.45
0.6,0.4,0.3,0.12,1.01,0.2,0.18,0.0,0.0,0.0,0.0,0.0,0.0,0.0,0.0,0.0,0.0,97.19
0.035,0.071,0.768,0.0,1.58,0.0,7.9,0.0,0.0,0.142,0.0,0.0,0.0,0.0,0.0,0.0,0.0,89.504
0.055,0.061,2.35,0.0076,1.94,0.0051,7.76,0.0,0.0,0.12,0.0,0.0,0.0,0.0,0.0,0.0,0.0,87.7013
0.5,0.5,2.6,0.25,0.45,0.1,0.25,0.0,0.15,0.0,0.0,0.0,0.0,0.0,0.0,0.0,0.0,95.2
0.4,0.35,0.1,0.1,0.675,0.1,0.1,0.0,0.1,0.0,0.0,0.0,0.0,0.0,0.0,0.0,0.0,98.075
0.05,0.07,1.22,0.0,2.56,0.0,6.87,0.0,0.04,0.08,0.0,0.0,0.002,0.0,0.0,0.0,0.0,89.108
0.4,0.35,0.1,0.1,0.675,0.1,0.1,0.0,0.1,0.0,0.0,0.0,0.0,0.0,0.0,0.0,0.0,98.075
0.2,0.3,6.3,0.3,0.02,0.0,0.1,0.1,0.08,0.175,0.0,0.0,0.0,0.0,0.0,0.0,0.0,92.425
0.2,0.3,6.3,0.3,0.02,0.0,0.1,0.1,0.08,0.175,0.0,0.0,0.0,0.0,0.0,0.0,0.0,92.425
0.0,0.0,0.75,0.0,1.76,0.0,2.22,0.0,0.0,0.12,2.59,0.0,0.0,0.0,0.0,0.0,0.0,92.56
0.0,0.0,0.75,0.0,1.76,0.0,2.22,0.0,0.0,0.12,2.59,0.0,0.0,0.0,0.0,0.0,0.0,92.56
0.0,0.0,1.0,0.0,0.0,0.0,0.0,0.0,0.0,0.17,2.5,0.0,0.0,0.0,0.0,0.0,0.0,96.33
0.055,0.061,2.35,0.0076,1.94,0.0051,7.76,0.0,0.0,0.12,0.0,0.0,0.0,0.0,0.0,0.0,0.0,87.7013
0.85,0.0,4.44,0.77,0.45,0.0,0.0,0.0,0.0,0.0,0.0,0.0,0.0,0.0,0.0,0.0,0.0,93.49
0.18,0.11,0.33,0.32,1.98,0.0,5.7,0.0,0.0,0.1,0.0,0.0,0.0,0.25,0.0,0.0,0.0,91.03
0.0,0.0,0.0,0.0,0.6,0.4,7.0,0.0,0.15,0.0,0.0,0.0,0.0,0.0,0.0,0.0,0.0,91.85
0.055,0.061,2.35,0.0076,1.94,0.0051,7.76,0.0,0.0,0.12,0.0,0.0,0.0,0.0,0.0,0.0,0.0,87.7013
0.0,0.0,0.0,0.0,0.6,0.4,7.0,0.0,0.15,0.0,0.0,0.0,0.0,0.0,0.0,0.0,0.0,91.85
0.02,0.04,1.79,0.0,1.5,0.0,7.41,0.0,0.04,0.09,0.0,0.0,0.0,0.0,0.0,0.0,0.0,89.11
0.0,0.0,0.19,0.0,2.55,0.0,6.98,0.0,0.0,0.29,0.0,0.0,0.0,0.27,0.0,0.0,0.0,89.72
1.35,0.25,0.95,0.85,1.1,0.0,0.0,0.0,0.0,0.0,0.0,0.0,0.0,0.0,0.0,0.0,0.0,95.5
0.4,0.35,0.1,0.1,0.675,0.1,0.1,0.0,0.1,0.0,0.0,0.0,0.0,0.0,0.0,0.0,0.0,98.075
0.18,0.11,0.33,0.32,1.98,0.0,5.7,0.0,0.0,0.1,0.0,0.0,0.0,0.25,0.0,0.0,0.0,91.03
0.055,0.061,2.35,0.0076,1.94,0.0051,7.76,0.0,0.0,0.12,0.0,0.0,0.0,0.0,0.0,0.0,0.0,87.7013
0.01,0.02,1.39,0.0,1.58,0.0,7.55,0.0,0.0,0.12,0.0,0.0,0.0,0.0,0.0,0.0,0.0,89.33
0.0,0.0,4.25,0.0,1.18,0.0,0.43,0.0,0.0,0.11,1.18,0.0,0.0,0.0,0.0,0.0,0.0,92.85
1.1,0.0,4.5,0.0,0.0,0.0,0.0,0.0,0.0,0.0,0.0,0.0,0.0,0.0,0.0,0.0,0.0,94.4
0.175,1.1,2.3,0.0,1.55,0.0,0.1,0.0,0.07,0.0,0.0,1.05,0.0,0.0,0.0,0.0,0.0,93.655
0.15,0.26,1.5,0.0,2.4,0.0,5.7,0.0,0.0,0.0,0.0,0.0,0.0,0.0,0.0,0.0,0.0,89.99
0.4,0.075,0.2,0.05,0.675,0.0,0.0,0.0,0.0,0.0,0.0,0.0,0.0,0.0,0.0,0.0,0.0,98.6
0.2,0.5,4.1,0.6,1.2,0.1,0.1,0.0,0.0,0.0,0.0,0.0,0.0,0.0,0.0,0.0,0.0,93.2
0.05,0.15,5.8,0.28,0.22,0.0,0.0,0.0,0.05,0.2,0.0,0.0,0.0,0.0,0.0,0.0,0.0,93.25
0.0,0.0,1.24,0.0,0.7,0.0,0.0,0.0,0.0,0.12,2.49,0.0,0.0,0.0,0.0,0.0,0.0,95.45
0.1,0.2,4.2,0.91,1.4,0.0,0.03,0.0,0.0,0.0,0.0,0.0,0.0,0.0,0.0,0.0,0.0,93.16
0.43,0.31,0.31,0.05,0.94,0.13,0.2,0.0,0.03,0.0,0.0,0.0,0.0,0.0,0.0,0.0,0.0,97.6
1.35,0.25,0.275,0.7,0.85,0.0,0.0,0.0,0.0,0.0,0.0,0.0,0.0,0.0,0.0,0.0,0.0,96.575
1.4,0.0,0.28,0.7,0.8,0.0,0.0,0.0,0.0,0.0,0.0,0.0,0.0,0.0,0.0,0.0,0.0,96.82
0.0,0.0,1.24,0.0,0.7,0.0,0.0,0.0,0.0,0.12,2.49,0.0,0.0,0.0,0.0,0.0,0.0,95.45
0.0,0.0,0.0,0.35,1.98,0.0,5.42,0.0,0.0,0.0,0.0,0.0,0.0,0.0,0.0,0.0,0.0,92.25
0.0,0.0,4.5,0.6,1.5,0.0,0.0,0.0,0.0,0.0,0.0,0.0,0.0,0.0,0.0,0.0,0.0,93.4
0.01,0.02,1.39,0.0,1.58,0.0,7.55,0.0,0.0,0.12,0.0,0.0,0.0,0.0,0.0,0.0,0.0,89.33
0.01,0.02,1.39,0.0,1.58,0.0,7.55,0.0,0.0,0.12,0.0,0.0,0.0,0.0,0.0,0.0,0.0,89.33
0.15,0.2,1.6,0.1,2.5,0.23,5.6,0.0,0.1,0.0,0.0,0.0,0.0,0.0,0.0,0.0,0.0,89.52
0.02,0.04,1.79,0.0,1.5,0.0,7.41,0.0,0.04,0.09,0.0,0.0,0.0,0.0,0.0,0.0,0.0,89.11
0.055,0.061,2.35,0.0076,1.94,0.0051,7.76,0.0,0.0,0.12,0.0,0.0,0.0,0.0,0.0,0.0,0.0,87.7013
0.04,0.05,4.01,0.0,0.0,0.0,0.0,0.0,0.0,0.16,1.24,0.0,0.0,0.0,0.0,0.0,0.0,94.5
0.5,0.35,4.0,0.7,0.6,0.1,0.25,0.0,0.125,0.125,0.0,0.0,0.0,0.0,0.0,0.0,0.0,93.25
0.02,0.06,1.55,0.0,2.3,0.0,6.3,0.0,0.0,0.14,0.0,0.0,0.0,0.25,0.0,0.0,0.0,89.38
0.0,0.0,1.07,0.0,1.07,0.0,3.4,0.0,0.0,0.1,1.8,0.0,0.0,0.0,0.0,0.0,0.0,92.56
0.4,0.7,5.5,0.0,0.0,0.0,0.3,0.0,0.0,0.0,0.0,0.0,0.0,0.0,0.0,0.4,0.4,92.3
