Si,Fe,Cu,Mn,Mg,Cr,Zn,V,Ti,Zr,Li,Ni,Be,Sc,Ag,Bi,Pb,Al,SS Temp,Ageing Temp,Ageing Time,UTS_pred,Target_UTS,AbsError
0.000000,0.000000,6.617851,0.000000,2.609612,0.000000,6.005311,0.000000,0.040188,0.089263,0.000000,0.000000,0.000000,0.191956,0.000000,0.000000,0.000000,84.445819,442.692526,134.309288,9.264340,599.997253,600.000000,0.002747
0.000000,0.000000,6.617851,0.000000,2.609612,0.000000,6.005311,0.000000,0.040188,0.089263,0.000000,0.000000,0.000000,0.191956,0.000000,0.000000,0.000000,84.445819,442.692526,134.309288,9.264340,599.997253,600.000000,0.002747
0.000000,0.000000,6.617851,0.000000,2.609612,0.000000,6.005311,0.000000,0.034952,0.089263,0.000000,0.000000,0.000000,0.204211,0.000000,0.000000,0.000000,84.438799,442.692526,134.309288,9.264340,599.997253,600.000000,0.002747
0.000000,0.000000,6.769967,0.000000,2.593818,0.000000,5.945252,0.000000,0.048192,0.113374,0.000000,0.000000,0.000000,0.143839,0.000000,0.000000,0.000000,84.385557,428.370505,116.917284,9.001180,599.997192,600.000000,0.002808
0.000000,0.000000,6.753298,0.000000,2.593689,0.000000,5.945581,0.000000,0.048223,0.113373,0.000000,0.000000,0.000000,0.146030,0.000000,0.000000,0.000000,84.399805,428.814412,116.929161,9.001553,599.997192,600.000000,0.002808
0.000000,0.000000,6.753298,0.000000,2.593689,0.000000,5.945581,0.000000,0.048223,0.113373,0.000000,0.000000,0.000000,0.146030,0.000000,0.000000,0.000000,84.399805,428.814412,116.929161,9.001553,599.997192,600.000000,0.002808
0.000000,0.000000,6.758318,0.000000,2.593930,0.000000,5.946874,0.000000,0.046409,0.113356,0.000000,0.000000,0.000000,0.143936,0.000000,0.000000,0.000000,84.397176,429.165804,116.986291,9.001854,599.997192,600.000000,0.002808
0.000000,0.000000,6.756279,0.000000,2.593139,0.000000,5.947384,0.000000,0.047804,0.113379,0.000000,0.000000,0.000000,0.145871,0.000000,0.000000,0.000000,84.396145,426.700277,117.091649,9.001881,599.997192,600.000000,0.002808
0.000000,0.000000,6.629884,0.000000,2.589909,0.000000,5.949483,0.000000,0.049135,0.113452,0.000000,0.000000,0.000000,0.182829,0.000000,0.000000,0.000000,84.485309,439.058540,116.910962,9.003016,599.997192,600.000000,0.002808
0.000000,0.000000,6.744977,0.000000,2.589909,0.000000,5.949483,0.000000,0.049135,0.113452,0.000000,0.000000,0.000000,0.182829,0.000000,0.000000,0.000000,84.370215,439.058540,116.910962,9.003016,599.997192,600.000000,0.002808
0.000000,0.000000,6.744977,0.000000,2.589909,0.000000,5.949483,0.000000,0.049135,0.113452,0.000000,0.000000,0.000000,0.182829,0.000000,0.000000,0.000000,84.370215,439.058540,116.910962,9.003016,599.997192,600.000000,0.002808
0.000000,0.000000,6.744977,0.000000,2.589909,0.000000,5.949483,0.000000,0.046723,0.113452,0.000000,0.000000,0.000000,0.182829,0.000000,0.000000,0.000000,84.372628,439.058540,116.910962,9.003016,599.997192,600.000000,0.002808
0.000000,0.000000,6.744977,0.000000,2.589909,0.000000,5.949483,0.000000,0.048215,0.113452,0.000000,0.000000,0.000000,0.142456,0.000000,0.000000,0.000000,84.411508,428.066036,116.910962,9.003016,599.997192,600.000000,0.002808
0.000000,0.000000,6.744977,0.000000,2.589909,0.000000,5.839378,0.000000,0.049135,0.113452,0.000000,0.000000,0.000000,0.157062,0.000000,0.000000,0.000000,84.506087,439.058540,116.910962,9.003016,599.997192,600.000000,0.002808
0.000000,0.000000,6.743603,0.000000,2.589985,0.000000,5.949656,0.000000,0.049130,0.113445,0.000000,0.000000,0.000000,0.182782,0.000000,0.000000,0.000000,84.371399,439.016732,116.919161,9.003137,599.997192,600.000000,0.002808
0.000000,0.000000,6.744538,0.000000,2.589931,0.000000,5.845382,0.000000,0.049089,0.113451,0.000000,0.000000,0.000000,0.156523,0.000000,0.000000,0.000000,84.501085,438.502716,116.912784,9.003142,599.997192,600.000000,0.002808
0.000000,0.000000,6.723381,0.000000,2.590080,0.000000,5.949885,0.000000,0.036520,0.113441,0.000000,0.000000,0.000000,0.136880,0.000000,0.000000,0.000000,84.449814,438.962915,116.932777,9.003224,599.997192,600.000000,0.002808
0.000000,0.000000,6.741273,0.000000,2.590112,0.000000,5.949962,0.000000,0.040606,0.113439,0.000000,0.000000,0.000000,0.128088,0.000000,0.000000,0.000000,84.436521,438.944616,116.936952,9.003264,599.997192,600.000000,0.002808
0.000000,0.000000,6.741273,0.000000,2.590112,0.000000,5.949962,0.000000,0.040606,0.113439,0.000000,0.000000,0.000000,0.143896,0.000000,0.000000,0.000000,84.420713,438.944616,116.936952,9.003264,599.997192,600.000000,0.002808
0.000000,0.000000,6.461443,0.000000,2.591810,0.000000,5.950809,0.000000,0.048833,0.113384,0.000000,0.000000,0.000000,0.215488,0.000000,0.000000,0.000000,84.618233,435.954766,117.047635,9.003499,599.997192,600.000000,0.002808
0.000000,0.000000,6.737362,0.000000,2.590162,0.000000,5.949924,0.000000,0.040786,0.113439,0.000000,0.000000,0.000000,0.143912,0.000000,0.000000,0.000000,84.424414,410.346172,116.993027,9.004188,599.997192,600.000000,0.002808
0.000000,0.000000,6.746811,0.000000,2.590255,0.000000,5.943816,0.000000,0.048951,0.113293,0.000000,0.000000,0.000000,0.158249,0.000000,0.000000,0.000000,84.398625,418.597495,117.031099,9.005201,599.997192,600.000000,0.002808
0.000000,0.000000,6.431543,0.000000,2.589291,0.000000,5.953596,0.000000,0.048914,0.113475,0.000000,0.000000,0.000000,0.187234,0.000000,0.000000,0.000000,84.675947,436.794794,119.419432,9.037372,599.997192,600.000000,0.002808
0.000000,0.000000,6.715160,0.000000,2.592019,0.000000,5.884433,0.000000,0.049347,0.110131,0.000000,0.000000,0.000000,0.179152,0.000000,0.000000,0.000000,84.469758,439.914749,114.444513,8.534409,600.011230,600.000000,0.011230
0.000000,0.000000,6.746524,0.000000,2.597795,0.000000,5.893703,0.000000,0.049318,0.113644,0.000000,0.000000,0.000000,0.146924,0.000000,0.000000,0.000000,84.452093,454.921038,116.925380,8.542647,600.011230,600.000000,0.011230
0.000000,0.000000,6.745568,0.000000,2.588950,0.000000,5.948904,0.000000,0.037768,0.112249,0.000000,0.000000,0.000000,0.149808,0.000000,0.000000,0.000000,84.416752,430.272269,117.101789,8.942273,600.011230,600.000000,0.011230
0.000000,0.000000,6.820838,0.000000,2.643234,0.000000,6.117167,0.000000,0.045847,0.106163,0.000000,0.000000,0.000000,0.168582,0.000000,0.000000,0.000000,84.098169,418.203044,111.489721,7.840416,600.011963,600.000000,0.011963
0.000000,0.000000,6.859602,0.000000,2.593950,0.000000,5.859887,0.000000,0.051160,0.102483,0.000000,0.000000,0.000000,0.173964,0.000000,0.000000,0.000000,84.358954,439.953464,107.680752,8.441884,600.024841,600.000000,0.024841
0.000000,0.000000,6.526354,0.000000,2.589152,0.000000,5.542807,0.000000,0.048641,0.115828,0.000000,0.000000,0.000000,0.176671,0.000000,0.000000,0.000000,85.000547,469.281507,117.077184,9.046056,600.358154,600.000000,0.358154
0.000000,0.000000,6.901953,0.000000,2.579757,0.000000,6.085551,0.000000,0.036158,0.102104,0.000000,0.000000,0.000000,0.140667,0.000000,0.000000,0.000000,84.153810,436.028777,116.766324,9.010559,599.599426,600.000000,0.400574
0.000000,0.000000,6.380757,0.000000,3.108792,0.000000,5.934351,0.000000,0.050083,0.120393,0.000000,0.000000,0.000000,0.191572,0.000000,0.000000,0.000000,84.214051,437.950693,116.645091,7.751181,599.578003,600.000000,0.421997
0.000000,0.000000,6.856262,0.000000,2.945081,0.000000,6.188455,0.000000,0.042221,0.089564,0.000000,0.000000,0.000000,0.180951,0.000000,0.000000,0.000000,83.697465,448.785339,133.191032,9.040411,600.429382,600.000000,0.429382
0.000000,0.000000,7.713209,0.000000,2.553906,0.000000,5.871026,0.000000,0.041884,0.094699,0.000000,0.000000,0.000000,0.175277,0.000000,0.000000,0.000000,83.550000,438.695589,128.864311,9.164393,599.546814,600.000000,0.453186
0.000000,0.000000,6.717903,0.000000,2.587420,0.000000,5.969916,0.000000,0.045088,0.107911,0.000000,0.000000,0.000000,0.172232,0.000000,0.000000,0.000000,84.399529,432.678745,131.435143,9.211934,599.511780,600.000000,0.488220
0.000000,0.000000,6.879333,0.000000,2.593623,0.000000,5.887258,0.000000,0.051930,0.100713,0.000000,0.000000,0.000000,0.173628,0.000000,0.000000,0.000000,84.313514,452.678550,105.828964,8.680818,599.506592,600.000000,0.493408
0.000000,0.000000,6.561746,0.000000,2.894866,0.000000,5.948903,0.000000,0.046855,0.113940,0.000000,0.000000,0.000000,0.205983,0.000000,0.000000,0.000000,84.227708,437.392663,116.893453,5.639225,600.501099,600.000000,0.501099
0.000000,0.000000,7.226043,0.000000,2.532676,0.000000,5.868741,0.000000,0.047362,0.117053,0.000000,0.000000,0.000000,0.160456,0.000000,0.000000,0.000000,84.047669,435.324785,133.970889,5.084842,600.531555,600.000000,0.531555
0.000000,0.000000,6.672211,0.000000,2.833848,0.000000,5.924789,0.000000,0.047304,0.124002,0.000000,0.000000,0.000000,0.165730,0.000000,0.000000,0.000000,84.232116,425.876037,117.266986,8.914229,599.456360,600.000000,0.543640
0.000000,0.000000,6.735767,0.000000,2.987846,0.000000,5.924038,0.000000,0.046174,0.120418,0.000000,0.000000,0.000000,0.187497,0.000000,0.000000,0.000000,83.998261,415.746126,115.375158,9.054346,599.442322,600.000000,0.557678
0.000000,0.000000,7.013095,0.000000,2.785890,0.000000,5.950133,0.000000,0.049463,0.115516,0.000000,0.000000,0.000000,0.171801,0.000000,0.000000,0.000000,83.914103,452.774032,116.942815,5.870174,600.606018,600.000000,0.606018
0.000000,0.000000,6.751770,0.000000,2.579410,0.000000,5.952046,0.000000,0.041402,0.113290,0.000000,0.000000,0.000000,0.152542,0.000000,0.000000,0.000000,84.409540,435.375264,117.062721,5.711397,600.789246,600.000000,0.789246
0.000000,0.000000,6.631550,0.000000,2.592982,0.000000,5.950922,0.000000,0.051218,0.115358,0.000000,0.000000,0.000000,0.143521,0.000000,0.000000,0.000000,84.514449,434.096231,117.262830,9.007295,599.115479,600.000000,0.884521
0.000000,0.000000,6.745992,0.000000,2.590214,0.000000,5.949284,0.000000,0.058422,0.113445,0.000000,0.000000,0.000000,0.179870,0.000000,0.000000,0.000000,84.362773,438.306048,116.916691,9.002928,599.104126,600.000000,0.895874
0.000000,0.000000,6.741396,0.000000,2.590095,0.000000,5.949972,0.000000,0.052419,0.113442,0.000000,0.000000,0.000000,0.167106,0.000000,0.000000,0.000000,84.385570,434.797061,116.925813,9.004040,599.104126,600.000000,0.895874
0.000000,0.000000,6.740417,0.000000,2.590146,0.000000,5.950106,0.000000,0.050507,0.113439,0.000000,0.000000,0.000000,0.162807,0.000000,0.000000,0.000000,84.392578,435.041057,116.929874,9.004320,599.104126,600.000000,0.895874
0.000000,0.000000,6.691951,0.000000,2.590271,0.000000,5.942657,0.000000,0.057464,0.113436,0.000000,0.000000,0.000000,0.184173,0.000000,0.000000,0.000000,84.420049,438.441708,116.074272,9.218901,599.104126,600.000000,0.895874
0.000000,0.000000,6.511282,0.000000,2.591506,0.000000,5.919399,0.000000,0.050831,0.113384,0.000000,0.000000,0.000000,0.188752,0.000000,0.000000,0.000000,84.624847,436.340088,113.223568,9.954446,599.104126,600.000000,0.895874
0.000000,0.000000,6.740651,0.000000,3.112665,0.000000,5.915117,0.000000,0.046840,0.120842,0.000000,0.000000,0.000000,0.184866,0.000000,0.000000,0.000000,83.879019,411.373384,115.642673,6.225160,601.093689,600.000000,1.093689
0.000000,0.000000,6.591218,0.000000,2.588339,0.000000,5.953005,0.000000,0.048483,0.101118,0.000000,0.000000,0.000000,0.170306,0.000000,0.000000,0.000000,84.547531,432.404178,117.072630,8.289820,598.847717,600.000000,1.152283
0.000000,0.000000,6.648910,0.000000,2.628302,0.000000,5.948647,0.000000,0.048481,0.113853,0.000000,0.000000,0.000000,0.147153,0.000000,0.000000,0.000000,84.464654,432.202036,118.984838,6.596217,598.748352,600.000000,1.251648
0.000000,0.000000,6.999938,0.000000,3.189490,0.000000,5.949265,0.000000,0.049708,0.105038,0.000000,0.000000,0.000000,0.150347,0.000000,0.000000,0.000000,83.556215,447.014952,117.011762,5.007646,598.731384,600.000000,1.268616
0.000000,0.000000,6.734494,0.000000,2.592498,0.000000,5.869685,0.000000,0.049395,0.097082,0.000000,0.000000,0.000000,0.157753,0.000000,0.000000,0.000000,84.499093,440.108870,113.885316,8.428166,598.662354,600.000000,1.337646
0.000000,0.000000,6.745185,0.000000,2.610217,0.000000,6.005146,0.000000,0.046845,0.113656,0.000000,0.000000,0.000000,0.162295,0.000000,0.000000,0.000000,84.316656,428.214365,117.188647,7.578435,601.357544,600.000000,1.357544
0.000000,0.000000,6.746563,0.000000,2.650369,0.000000,5.945005,0.000000,0.048250,0.113486,0.000000,0.000000,0.000000,0.150723,0.000000,0.000000,0.000000,84.345605,429.512283,115.862766,11.737879,598.582458,600.000000,1.417542
0.000000,0.000000,6.980266,0.000000,3.241563,0.000000,5.870030,0.000000,0.049865,0.117349,0.000000,0.000000,0.000000,0.190926,0.000000,0.000000,0.000000,83.550000,453.177151,137.303256,6.409721,601.419006,600.000000,1.419006
0.000000,0.000000,6.722111,0.000000,2.591459,0.000000,5.948062,0.000000,0.049631,0.114951,0.000000,0.000000,0.000000,0.153916,0.000000,0.000000,0.000000,84.419870,438.344365,135.492128,9.005360,601.514587,600.000000,1.514587
0.000000,0.000000,7.406302,0.000000,2.590249,0.000000,5.946221,0.000000,0.045985,0.113433,0.000000,0.000000,0.000000,0.146492,0.000000,0.000000,0.000000,83.751319,437.221013,133.861840,9.004625,601.542542,600.000000,1.542542
0.000000,0.000000,6.740059,0.000000,2.544120,0.000000,5.948332,0.000000,0.042950,0.113436,0.000000,0.000000,0.000000,0.145027,0.000000,0.000000,0.000000,84.466077,438.193615,124.311394,9.003857,601.625549,600.000000,1.625549
0.000000,0.000000,6.746561,0.000000,2.598355,0.000000,5.876913,0.000000,0.045270,0.113553,0.000000,0.000000,0.000000,0.157606,0.000000,0.000000,0.000000,84.461742,436.260411,142.338182,8.731535,601.661682,600.000000,1.661682
0.000000,0.000000,7.083472,0.000000,2.526875,0.000000,6.405008,0.000000,0.050920,0.110464,0.000000,0.000000,0.000000,0.164563,0.000000,0.000000,0.000000,83.658698,405.867783,116.972085,9.116102,601.679932,600.000000,1.679932
0.000000,0.000000,6.734579,0.000000,2.560103,0.000000,6.221270,0.000000,0.041018,0.103109,0.000000,0.000000,0.000000,0.160775,0.000000,0.000000,0.000000,84.179147,430.294702,119.174025,5.286950,601.879822,600.000000,1.879822
0.000000,0.000000,6.559843,0.000000,2.592488,0.000000,5.950874,0.000000,0.048565,0.090461,0.000000,0.000000,0.000000,0.204925,0.000000,0.000000,0.000000,84.552843,434.879676,117.172117,9.005695,598.050964,600.000000,1.949036
0.000000,0.000000,6.802353,0.000000,2.589363,0.000000,5.966205,0.000000,0.047841,0.090594,0.000000,0.000000,0.000000,0.150336,0.000000,0.000000,0.000000,84.353307,431.636429,113.520205,9.041499,598.050964,600.000000,1.949036
0.000000,0.000000,7.049027,0.000000,2.539581,0.000000,5.934508,0.000000,0.044362,0.118652,0.000000,0.000000,0.000000,0.167188,0.000000,0.000000,0.000000,84.146682,440.690597,129.923424,8.544406,601.979736,600.000000,1.979736
0.000000,0.000000,6.761952,0.000000,2.968217,0.000000,5.956137,0.000000,0.041254,0.100443,0.000000,0.000000,0.000000,0.152375,0.000000,0.000000,0.000000,84.019621,439.225085,120.648817,8.989657,597.841614,600.000000,2.158386
0.000000,0.000000,6.858224,0.000000,2.697341,0.000000,6.091887,0.000000,0.041283,0.101629,0.000000,0.000000,0.000000,0.168827,0.000000,0.000000,0.000000,84.040809,429.536371,117.129226,5.948097,602.188660,600.000000,2.188660
0.000000,0.000000,6.732797,0.000000,2.588178,0.000000,5.953854,0.000000,0.047549,0.113536,0.000000,0.000000,0.000000,0.171887,0.000000,0.000000,0.000000,84.392200,425.728278,120.937542,9.056088,602.236938,600.000000,2.236938
0.000000,0.000000,6.736373,0.000000,2.592752,0.000000,5.800723,0.000000,0.049906,0.113395,0.000000,0.000000,0.000000,0.165490,0.000000,0.000000,0.000000,84.541360,431.303918,120.890681,10.620434,602.256348,600.000000,2.256348
0.000000,0.000000,6.645077,0.000000,2.710850,0.000000,6.023542,0.000000,0.041161,0.110134,0.000000,0.000000,0.000000,0.158055,0.000000,0.000000,0.000000,84.311181,433.730179,113.050888,11.728101,602.294739,600.000000,2.294739
0.000000,0.000000,6.802201,0.000000,2.597005,0.000000,5.942402,0.000000,0.041592,0.123697,0.000000,0.000000,0.000000,0.142033,0.000000,0.000000,0.000000,84.351070,435.199836,116.759948,8.914760,602.366577,600.000000,2.366577
0.000000,0.000000,6.736558,0.000000,2.997064,0.000000,5.950418,0.000000,0.052968,0.113426,0.000000,0.000000,0.000000,0.160047,0.000000,0.000000,0.000000,83.989519,422.276863,110.791197,11.022777,597.633057,600.000000,2.366943
0.000000,0.000000,6.724326,0.000000,2.650549,0.000000,5.946654,0.000000,0.047946,0.113358,0.000000,0.000000,0.000000,0.156969,0.000000,0.000000,0.000000,84.360199,430.733125,116.955787,8.256414,597.614075,600.000000,2.385925
0.000000,0.000000,6.751913,0.000000,2.478663,0.000000,6.878041,0.000000,0.048808,0.100951,0.000000,0.000000,0.000000,0.191624,0.000000,0.000000,0.000000,83.550000,436.801147,96.237962,9.059032,597.588501,600.000000,2.411499
0.000000,0.000000,6.679507,0.000000,2.600056,0.000000,5.978234,0.000000,0.049511,0.100995,0.000000,0.000000,0.000000,0.187529,0.000000,0.000000,0.000000,84.404168,440.930040,125.871088,9.137598,602.483032,600.000000,2.483032
0.000000,0.000000,7.435604,0.000000,2.811441,0.000000,5.562909,0.000000,0.071860,0.104489,0.000000,0.000000,0.000000,0.198772,0.000000,0.000000,0.000000,83.814924,430.115801,107.595297,7.859896,597.506897,600.000000,2.493103
0.000000,0.000000,6.702636,0.000000,2.811991,0.000000,5.732997,0.000000,0.050246,0.111610,0.000000,0.000000,0.000000,0.172175,0.000000,0.000000,0.000000,84.418345,440.083010,139.405936,5.570792,602.515625,600.000000,2.515625
0.000000,0.000000,7.235064,0.000000,2.572676,0.000000,5.955355,0.000000,0.044979,0.112879,0.000000,0.000000,0.000000,0.216833,0.000000,0.000000,0.000000,83.862213,419.632892,110.612676,9.177899,597.417847,600.000000,2.582153
0.000000,0.000000,6.675821,0.000000,2.571321,0.000000,5.951486,0.000000,0.047518,0.113373,0.000000,0.000000,0.000000,0.165867,0.000000,0.000000,0.000000,84.474613,415.760720,117.333015,9.818741,597.417847,600.000000,2.582153
0.000000,0.000000,6.747488,0.000000,2.548284,0.000000,5.993156,0.000000,0.047044,0.113599,0.000000,0.000000,0.000000,0.158886,0.000000,0.000000,0.000000,84.391543,430.017832,126.240670,7.873890,602.832153,600.000000,2.832153
0.000000,0.000000,6.757415,0.000000,2.625689,0.000000,5.948311,0.000000,0.048868,0.116030,0.000000,0.000000,0.000000,0.170992,0.000000,0.000000,0.000000,84.332695,426.123971,117.379377,10.557227,597.157349,600.000000,2.842651
0.000000,0.000000,6.713046,0.000000,2.781618,0.000000,5.976002,0.000000,0.048227,0.111986,0.000000,0.000000,0.000000,0.171972,0.000000,0.000000,0.000000,84.197149,410.146392,111.096913,8.958059,597.101013,600.000000,2.898987
0.000000,0.000000,6.585084,0.000000,2.740300,0.000000,5.941506,0.000000,0.046825,0.115484,0.000000,0.000000,0.000000,0.176889,0.000000,0.000000,0.000000,84.393912,426.674171,112.761146,9.061536,597.098328,600.000000,2.901672
0.000000,0.000000,6.746404,0.000000,2.788128,0.000000,5.946749,0.000000,0.041389,0.116471,0.000000,0.000000,0.000000,0.175846,0.000000,0.000000,0.000000,84.185013,412.223283,116.759310,9.248442,597.098328,600.000000,2.901672
0.000000,0.000000,6.790808,0.000000,2.731153,0.000000,5.705934,0.000000,0.064768,0.100988,0.000000,0.000000,0.000000,0.172430,0.000000,0.000000,0.000000,84.433920,433.378160,106.439507,7.879889,597.088013,600.000000,2.911987
0.000000,0.000000,6.983422,0.000000,2.917626,0.000000,5.959833,0.000000,0.048561,0.113583,0.000000,0.000000,0.000000,0.155749,0.000000,0.000000,0.000000,83.821227,436.497200,117.242974,9.136130,597.086975,600.000000,2.913025
0.000000,0.000000,6.811684,0.000000,2.603505,0.000000,6.066705,0.000000,0.047071,0.130585,0.000000,0.000000,0.000000,0.152051,0.000000,0.000000,0.000000,84.188400,420.011389,91.910696,9.101062,597.017212,600.000000,2.982788
0.000000,0.000000,7.093717,0.000000,3.126528,0.000000,5.833093,0.000000,0.045105,0.107421,0.000000,0.000000,0.000000,0.170875,0.000000,0.000000,0.000000,83.623261,441.527276,119.683732,6.934566,596.978638,600.000000,3.021362
0.000000,0.000000,6.823684,0.000000,2.685234,0.000000,5.787668,0.000000,0.060827,0.099424,0.000000,0.000000,0.000000,0.155141,0.000000,0.000000,0.000000,84.388021,435.226664,106.078380,7.053589,596.922363,600.000000,3.077637
0.000000,0.000000,6.407941,0.000000,2.600495,0.000000,5.964778,0.000000,0.048354,0.112355,0.000000,0.000000,0.000000,0.167407,0.000000,0.000000,0.000000,84.698670,454.364606,117.092108,8.736076,596.918823,600.000000,3.081177
0.000000,0.000000,6.756194,0.000000,2.576608,0.000000,5.952344,0.000000,0.050206,0.100555,0.000000,0.000000,0.000000,0.184894,0.000000,0.000000,0.000000,84.379198,434.527465,117.082088,6.795197,596.823059,600.000000,3.176941
0.000000,0.000000,6.744977,0.000000,2.816372,0.000000,5.949483,0.000000,0.059594,0.110362,0.000000,0.000000,0.000000,0.182829,0.000000,0.000000,0.000000,84.136384,439.058540,116.910962,8.331624,596.720947,600.000000,3.279053
0.000000,0.000000,6.830281,0.000000,2.651469,0.000000,5.945171,0.000000,0.056230,0.113970,0.000000,0.000000,0.000000,0.178643,0.000000,0.000000,0.000000,84.224237,432.713686,117.016660,8.343726,596.720947,600.000000,3.279053
0.000000,0.000000,6.657126,0.000000,2.605552,0.000000,5.603463,0.000000,0.040479,0.139517,0.000000,0.000000,0.000000,0.181168,0.000000,0.000000,0.000000,84.772696,441.747482,130.586154,10.748443,603.335327,600.000000,3.335327
0.000000,0.000000,6.910825,0.000000,2.526251,0.000000,6.400228,0.000000,0.049253,0.101805,0.000000,0.000000,0.000000,0.156720,0.000000,0.000000,0.000000,83.854917,425.551731,107.779895,9.037879,603.335510,600.000000,3.335510
0.000000,0.000000,6.997304,0.000000,3.186201,0.000000,5.938755,0.000000,0.052510,0.105027,0.000000,0.000000,0.000000,0.170203,0.000000,0.000000,0.000000,83.550000,446.269120,107.446242,9.172723,596.642090,600.000000,3.357910
0.000000,0.000000,5.817437,0.000000,2.582190,0.000000,5.957518,0.000000,0.048460,0.113806,0.000000,0.000000,0.000000,0.167281,0.000000,0.000000,0.000000,85.313309,431.006023,89.812896,9.161977,596.634460,600.000000,3.365540
0.000000,0.000000,7.071849,0.000000,2.784079,0.000000,5.947612,0.000000,0.051857,0.109610,0.000000,0.000000,0.000000,0.168407,0.000000,0.000000,0.000000,83.866587,452.347743,111.604614,6.978182,596.534912,600.000000,3.465088
0.000000,0.000000,7.760998,0.000000,2.469741,0.000000,5.656555,0.000000,0.034240,0.124705,0.000000,0.000000,0.000000,0.149336,0.000000,0.000000,0.000000,83.804426,456.806127,116.625833,8.876055,596.489075,600.000000,3.510925
0.000000,0.000000,7.034228,0.000000,2.583430,0.000000,5.895590,0.000000,0.049780,0.083834,0.000000,0.000000,0.000000,0.171073,0.000000,0.000000,0.000000,84.182065,436.888956,129.006715,9.573676,603.529785,600.000000,3.529785
0.000000,0.000000,6.884839,0.000000,2.613357,0.000000,5.947837,0.000000,0.052831,0.097007,0.000000,0.000000,0.000000,0.188905,0.000000,0.000000,0.000000,84.215223,437.996414,105.587069,10.008113,596.462524,600.000000,3.537476
