Si,Fe,Cu,Mn,Mg,Cr,Zn,V,Ti,Zr,Li,Ni,Be,Sc,Ag,Bi,Pb,Al,SS Temp,Ageing Temp,Ageing Time,UTS_pred
0.000000,0.000000,2.486806,0.000018,2.592288,0.001353,7.314844,0.016755,0.051079,0.162622,0.937714,0.000000,0.000212,0.224035,0.417221,0.249069,0.112095,85.433889,461.594784,125.135798,24.099321,705.815073
0.000000,0.000000,2.531738,0.000016,2.592293,0.000000,7.337391,0.010852,0.055101,0.162635,0.975295,0.073626,0.000881,0.222413,0.503391,0.150650,0.005196,85.378521,462.898809,125.908129,24.124651,705.815071
0.000000,0.000000,2.485453,0.000175,2.592292,0.001515,7.330047,0.019691,0.052810,0.162623,0.986089,0.102519,0.000340,0.223224,0.473016,0.159019,0.009927,85.401261,462.793176,124.494635,24.126794,705.815070
0.000000,0.000000,2.519224,0.000035,2.592829,0.000503,7.357939,0.017179,0.057098,0.162797,0.964210,0.127658,0.000994,0.221894,0.438493,0.171892,0.010126,85.357131,462.982915,125.494860,24.149506,705.815068
0.000000,0.000000,2.486121,0.000024,2.592281,0.001565,7.327202,0.001576,0.055380,0.162588,0.939328,0.000000,0.000757,0.226991,0.446305,0.241783,0.002610,85.515489,463.021787,124.840362,24.155541,705.815068
0.000000,0.000000,2.486121,0.000000,2.592281,0.001565,7.327202,0.001576,0.055380,0.162588,0.939328,0.000000,0.000757,0.226991,0.446305,0.241783,0.002610,85.515513,463.021787,124.840362,24.155541,705.815068
0.000000,0.000000,2.486121,0.000024,2.592281,0.001565,7.327202,0.001576,0.055380,0.162588,0.939328,0.000000,0.000757,0.226991,0.446305,0.241783,0.002610,85.515489,463.021787,124.840362,24.155541,705.815068
0.000000,0.000000,2.486137,0.000024,2.592280,0.001556,7.328099,0.016929,0.055382,0.162587,0.939106,0.004029,0.000782,0.226973,0.433093,0.241510,0.003405,85.508109,463.023326,124.879571,24.155566,705.815068
0.000000,0.000000,2.486231,0.000028,2.592273,0.001501,7.333534,0.009511,0.055396,0.162579,0.937761,0.028425,0.000934,0.226860,0.353090,0.239853,0.008220,85.563804,463.032642,125.116991,24.155720,705.815068
0.000000,0.000000,2.475036,0.000000,2.592355,0.001841,7.324533,0.000819,0.055272,0.162744,0.964207,0.000000,0.000801,0.221219,0.419550,0.242359,0.000000,85.539265,462.742362,125.798267,24.155986,705.815068
0.000000,0.000000,2.482018,0.000019,2.592301,0.000904,7.332328,0.000910,0.055357,0.162638,0.902720,0.327183,0.000756,0.224546,0.460464,0.242946,0.102305,85.112605,462.926640,125.210820,24.158134,705.815067
0.000000,0.000000,2.487954,0.000025,2.592275,0.001409,7.333365,0.009348,0.050006,0.162599,0.939908,0.032456,0.000919,0.226496,0.399589,0.240213,0.011641,85.511797,463.015445,125.121816,24.158991,705.815067
0.000000,0.000000,2.449520,0.000000,2.589468,0.000000,7.328659,0.002258,0.057321,0.162403,0.927732,0.154912,0.000767,0.224546,0.405491,0.196258,0.065176,85.435489,462.938179,126.045754,24.162248,705.815067
0.000000,0.000000,2.495553,0.003938,2.592295,0.001457,7.331829,0.024308,0.055013,0.162651,0.954717,0.053664,0.000915,0.224835,0.396330,0.134396,0.001539,85.566560,462.943991,125.175988,24.163003,705.815067
0.000000,0.000000,2.501016,0.000009,2.592329,0.001278,7.330635,0.000569,0.055367,0.162789,0.970960,0.038073,0.000760,0.222489,0.429363,0.265317,0.000000,85.429047,462.819603,125.551510,24.168772,705.815066
0.000000,0.000000,2.533473,0.000020,2.592296,0.000420,7.338141,0.009086,0.055389,0.162792,0.943514,0.187685,0.000752,0.223675,0.457485,0.269924,0.003564,85.221784,462.913019,125.407998,24.169692,705.815066
0.000000,0.000000,2.533473,0.000020,2.592296,0.000420,7.338141,0.009086,0.055389,0.162792,0.943514,0.155012,0.000752,0.223675,0.457485,0.269924,0.003564,85.254456,462.913019,125.407998,24.169692,705.815066
0.000000,0.000000,2.535263,0.000019,2.592297,0.000517,7.337293,0.009069,0.055306,0.162783,0.944953,0.177763,0.000751,0.223512,0.456244,0.260871,0.005494,85.237864,462.907706,125.496728,24.170078,705.815066
0.000000,0.000000,2.590280,0.000009,2.592336,0.001777,7.325561,0.012125,0.055179,0.162707,0.953185,0.034324,0.000850,0.220830,0.449926,0.223221,0.003232,85.374459,462.777442,125.574632,24.170455,705.815066
0.000000,0.000000,2.486963,0.000043,2.592238,0.000000,7.359009,0.017320,0.052670,0.162554,0.934266,0.127227,0.000636,0.224077,0.374200,0.110025,0.013018,85.545753,463.025513,125.124469,24.172528,705.815066
0.000000,0.000000,2.511189,0.000018,2.592301,0.000000,7.329599,0.017239,0.052850,0.162641,0.937924,0.052588,0.000641,0.223155,0.407480,0.275006,0.008853,85.428516,462.897152,125.990559,24.172572,705.815066
0.000000,0.000000,2.485461,0.000021,2.592289,0.001515,7.330913,0.018903,0.052093,0.162620,0.932961,0.058529,0.000573,0.223911,0.413173,0.240934,0.010681,85.475424,462.936091,126.125852,24.173261,705.815066
0.000000,0.000000,2.485461,0.000021,2.592289,0.001515,7.330913,0.001849,0.052093,0.162620,0.932961,0.164586,0.000573,0.223911,0.413173,0.240934,0.000000,85.397102,462.936091,126.125852,24.173261,705.815066
0.000000,0.000000,2.557138,0.000004,2.592316,0.001701,7.326932,0.008869,0.054287,0.162672,0.962527,0.056520,0.000745,0.221522,0.441082,0.150234,0.029081,85.434370,462.842782,126.581057,24.174791,705.815066
0.000000,0.000000,2.575146,0.000000,2.592323,0.001748,7.325932,0.010633,0.054838,0.162685,0.969956,0.029368,0.000789,0.220922,0.448094,0.127446,0.003235,85.476886,462.819338,126.695429,24.175175,705.815066
0.000000,0.000000,2.521259,0.000018,2.592292,0.000000,7.334646,0.007654,0.054834,0.162628,0.968491,0.070289,0.000835,0.223323,0.442821,0.183650,0.034670,85.402589,462.920927,127.920689,24.178726,705.815065
0.000000,0.000000,2.486898,0.000042,2.592247,0.000359,7.362322,0.016865,0.052048,0.162560,0.937484,0.124925,0.000617,0.224052,0.375327,0.141596,0.059870,85.462788,463.020620,125.135952,24.194043,705.815064
0.000000,0.000000,2.483195,0.000363,2.592301,0.003391,7.379430,0.002832,0.052667,0.162779,0.942789,0.349340,0.000583,0.222358,0.416382,0.238262,0.001013,85.152315,462.866269,126.136207,24.174068,705.691042
0.000000,0.000000,2.483182,0.000020,2.592295,0.001091,7.330873,0.001099,0.047590,0.160661,0.913105,0.533189,0.000756,0.225240,0.456447,0.373948,0.074022,84.806480,462.953632,125.105725,24.157398,705.412724
0.000000,0.000000,2.486172,0.000026,2.592277,0.001535,7.330123,0.010625,0.034760,0.162584,1.056445,0.013113,0.000839,0.233260,0.457962,0.240893,0.005198,85.374190,463.026795,124.967977,24.155624,705.266484
0.000000,0.000000,2.486231,0.000028,2.592273,0.001501,7.982016,0.009511,0.055396,0.162579,0.937761,0.028425,0.000934,0.226860,0.353090,0.307876,0.008220,84.847299,463.032642,125.116991,24.155720,705.013981
0.000000,0.000000,2.511189,0.000018,2.592301,0.000000,7.329599,0.017239,0.052850,0.162641,0.937924,0.052588,0.000641,0.203957,0.407480,0.275006,0.008853,85.447713,462.897152,125.990559,24.172572,704.940493
0.000000,0.000000,2.551698,0.000023,2.592604,0.000000,7.724009,0.014869,0.094194,0.162756,0.959171,0.085002,0.000928,0.221408,0.443718,0.195350,0.006975,84.947295,462.889010,125.531317,24.159080,704.320743
0.000000,0.000000,2.531775,0.001624,2.592307,0.001601,7.328949,0.015227,0.116279,0.162663,0.959310,0.055344,0.000815,0.222887,0.422651,0.143712,0.017738,85.427117,462.884464,126.002397,24.169936,703.884097
0.000000,0.000000,2.502767,0.000022,2.592286,0.001162,7.331047,0.004216,0.273546,0.162660,0.940800,0.065979,0.000737,0.233452,0.450235,0.251676,0.002945,85.186469,462.983551,125.039909,24.160516,703.826542
0.000000,0.000000,2.501598,0.000009,2.592476,0.001191,7.559838,0.008695,0.043652,0.162391,1.000783,0.044707,0.001407,0.182643,0.522030,0.225158,0.013303,85.140120,460.490784,126.501131,24.334876,703.587266
0.000000,0.000000,2.493173,0.000187,2.592295,0.001914,7.647631,0.020074,0.048440,0.167157,0.766466,0.220806,0.000510,0.202824,0.450578,0.216819,0.017106,85.154021,461.337195,125.013494,24.226777,703.230893
0.000000,0.000000,2.441201,0.000000,2.592555,0.000000,7.017776,0.019694,0.039352,0.162324,0.710598,0.000000,0.000752,0.166989,0.549792,0.228554,0.002454,86.067959,461.317339,124.315704,24.389953,703.220623
0.000000,0.000000,2.496576,0.000000,2.592619,0.000000,7.324975,0.023636,0.050547,0.162649,0.960043,0.067122,0.000911,0.231568,0.362542,0.145641,0.001863,85.579309,462.511413,124.958948,28.553913,702.909782
0.000000,0.000000,2.499841,0.000964,2.594883,0.014100,7.513231,0.006143,0.056424,0.162693,0.987510,0.233291,0.000950,0.223758,0.385292,0.208568,0.000159,85.112195,430.839312,121.316914,24.168099,702.745303
0.000000,0.000000,2.485015,0.074854,2.592292,0.001538,7.330094,0.020079,0.052773,0.162622,0.986364,0.100774,0.000336,0.223387,0.383504,0.217954,0.006773,85.361642,462.898048,124.484356,24.166461,702.362674
0.000000,0.000000,2.505222,0.000000,2.592297,0.000657,7.328123,0.004533,0.054779,0.162706,0.924091,0.253592,0.000747,0.224184,0.414773,0.254263,0.055323,85.224711,453.153842,124.934038,25.867249,702.090409
0.000000,0.000000,2.484846,0.000001,2.592517,0.011661,7.466739,0.002527,0.032446,0.162755,1.038898,0.052374,0.000844,0.198408,0.410847,0.248465,0.000000,85.296671,462.866408,125.497832,24.872081,701.956414
0.000000,0.000000,2.475036,0.085734,2.592355,0.001841,7.522770,0.000819,0.055272,0.162744,0.964207,0.000000,0.000801,0.221219,0.419550,0.191603,0.000000,85.306050,462.742362,125.798267,24.155986,701.817692
0.000000,0.000000,2.524583,0.000018,2.592884,0.001690,7.327745,0.005615,0.054704,0.162747,0.761371,0.124664,0.000000,0.242109,0.255985,0.234604,0.049818,85.661462,462.722807,125.142903,24.168252,701.721805
0.000000,0.000000,2.485347,0.000000,2.869762,0.001520,7.330058,0.019785,0.052801,0.162622,0.986156,0.102094,0.000339,0.223264,0.473065,0.173373,0.009929,85.109883,456.999060,124.492131,24.136455,701.595099
0.000000,0.000000,3.065126,0.000015,2.592309,0.001396,7.330773,0.001207,0.053735,0.162255,0.901841,0.101125,0.000666,0.223198,0.421294,0.343785,0.000000,84.801273,462.877659,125.837754,24.171009,701.501712
0.000000,0.000000,2.480076,0.000014,2.592316,0.001165,7.807345,0.000885,0.000000,0.162668,0.919822,0.236178,0.001052,0.223620,0.449084,0.242783,0.073849,84.809144,464.751635,125.374217,24.157537,701.488041
0.000000,0.000000,2.492386,0.002758,2.562952,0.001475,7.331270,0.024509,0.054322,0.162642,0.733119,0.197643,0.000735,0.224330,0.420377,0.142117,0.004170,85.645195,462.896699,124.962331,24.151649,701.390629
0.000000,0.000000,2.489959,0.068144,2.592300,0.000060,8.526828,0.022899,0.054582,0.162633,0.974027,0.231997,0.000312,0.222191,0.454814,0.216139,0.007454,83.975661,462.886610,125.314707,24.182042,701.336183
0.000000,0.000000,2.557138,0.000000,2.592316,0.001701,7.326932,0.008869,0.054287,0.185800,0.962527,0.056520,0.000732,0.221522,0.441082,0.150234,0.029081,85.411260,463.911858,126.581057,24.174791,701.215883
0.000000,0.000000,2.503677,0.000013,2.592318,0.000841,7.323711,0.005643,0.054020,0.175801,0.961075,0.044172,0.000716,0.222809,0.423417,0.266611,0.004141,85.421034,443.237604,125.309083,24.139842,701.161016
0.000000,0.000000,2.527291,0.019898,2.591831,0.090148,7.331471,0.014400,0.055983,0.163125,1.024220,0.063941,0.000735,0.221993,0.405340,0.212879,0.075461,85.201284,462.836244,124.397933,22.906173,701.152046
0.000000,0.000000,2.494202,0.003806,2.592137,0.018175,7.333853,0.015581,0.010670,0.162732,0.943231,0.094315,0.000140,0.231194,0.428111,0.236340,0.014383,85.421129,455.074397,122.546991,23.950411,701.064966
0.000000,0.000000,2.557806,0.000021,2.592562,0.001195,7.340358,0.014435,0.056056,0.207310,0.958223,0.076979,0.000916,0.235346,0.444701,0.199763,0.006382,85.307948,462.871347,125.538175,24.160881,701.028141
0.000000,0.000000,2.486121,0.000024,3.090989,0.001565,7.327202,0.000000,0.055380,0.162588,0.616700,0.000000,0.000757,0.226991,0.446305,0.241783,0.088240,85.255356,463.021787,124.840362,24.155541,701.003422
0.000000,0.000000,2.486231,0.000028,2.894458,0.001501,7.333534,0.009511,0.055396,0.162579,0.590337,0.000000,0.000934,0.226860,0.353090,0.239853,0.009965,85.635723,463.032642,125.116991,24.155720,701.003422
0.000000,0.000000,2.590280,0.000009,3.124100,0.001777,7.325561,0.012125,0.055179,0.162707,0.338577,0.000000,0.000850,0.220830,0.449926,0.223221,0.089056,85.405802,462.777442,125.574632,24.170455,701.003421
0.000000,0.000000,2.426173,0.077994,2.592597,0.050593,7.718530,0.027576,0.067093,0.166775,1.190056,0.260849,0.000844,0.183283,0.497114,0.171028,0.026485,84.543010,461.109723,126.396702,24.194368,700.338196
0.000000,0.000000,2.502633,0.000165,2.523366,0.000488,7.336696,0.017291,0.092460,0.166821,0.945073,0.090256,0.000201,0.223997,0.439801,0.173712,0.010128,85.476912,455.347452,121.960070,24.179183,699.847536
0.000000,0.000000,2.428440,0.008630,2.592585,0.184315,8.551482,0.026592,0.066519,0.166617,0.658307,0.257169,0.000834,0.184837,0.493905,0.159361,0.025472,84.194935,461.179546,126.386348,24.193561,699.676392
0.000000,0.000000,2.511711,0.000025,2.592275,0.011947,7.333365,0.009348,0.050006,0.191979,0.939908,0.085469,0.000919,0.226496,0.399589,0.240213,0.000000,85.406749,463.015445,125.121816,24.158991,699.556339
0.000000,0.000000,2.487264,0.225180,2.592239,0.000000,7.358644,0.017319,0.052672,0.162555,0.934311,0.126301,0.000742,0.193464,0.374613,0.112073,0.012966,85.349656,463.023920,125.135217,24.172529,699.497012
0.000000,0.000000,2.507124,0.007678,2.595970,0.019226,7.254246,0.003147,0.000000,0.162626,1.015001,0.205997,0.000868,0.176964,0.448941,0.232495,0.005203,85.364515,458.047695,122.719340,24.015550,699.469012
0.000000,0.000000,2.502977,0.081357,2.597003,0.003149,7.324645,0.002957,0.124585,0.162744,0.967688,0.034345,0.000685,0.222312,0.500617,0.246409,0.000348,85.228179,461.455889,123.198455,27.800071,698.790960
0.000000,0.000000,2.524951,0.020185,2.586340,0.106017,7.335300,0.014716,0.000000,0.163097,1.030594,0.074648,0.000738,0.222156,0.447899,0.211502,0.072318,85.189539,464.496738,124.345425,23.055520,698.145744
0.000000,0.000000,2.487122,0.032099,2.592271,0.000174,7.357365,0.000761,0.052716,0.228296,0.934923,0.128537,0.000640,0.224074,0.374337,0.111242,0.012859,85.462583,462.628030,124.986605,24.172474,697.959231
0.000000,0.000000,2.548155,0.000005,2.592318,0.003519,7.327524,0.007540,0.593551,0.209561,0.963877,0.053567,0.000701,0.221677,0.439206,0.098159,0.091125,84.849514,462.839072,126.416278,29.987456,697.928925
0.000000,0.000000,2.538861,0.018471,2.593108,0.023459,7.327946,0.007115,0.054452,0.222026,0.925558,0.170942,0.000621,0.146473,0.414209,0.231939,0.144687,85.180133,462.611820,128.629858,24.172971,697.918154
0.000000,0.000000,2.416030,0.000000,2.592400,0.010353,7.327254,0.007192,0.055209,0.162686,1.412601,0.052674,0.000808,0.225038,0.427228,0.226036,0.001787,85.082705,462.818677,125.158968,28.434550,697.818241
0.000000,0.000000,2.519499,0.016108,2.591903,0.073200,7.332032,0.014678,0.617455,0.163032,1.005149,0.071093,0.000000,0.222361,0.447940,0.218404,0.061078,84.646068,461.008472,123.962070,23.152072,697.719343
0.000000,0.000000,2.551016,0.010206,3.330079,0.041076,7.288369,0.008275,0.093696,0.172380,0.963431,0.057012,0.000847,0.221854,0.457240,0.118003,0.004409,84.682108,458.635578,126.055553,24.366977,697.574568
0.000000,0.000000,2.512347,0.000022,2.581206,0.000878,8.008494,0.012495,0.075171,0.181632,0.930546,0.000000,0.000775,0.223350,0.462989,0.171938,0.030247,84.807911,462.934090,125.753248,29.914275,697.423073
0.000000,0.000000,2.475250,0.150064,2.592752,0.032020,7.322625,0.000992,0.000000,0.162921,0.255028,0.159665,0.000801,0.160740,0.420088,0.222927,0.000358,86.043770,462.272471,125.794689,25.006999,697.374125
0.000000,0.000000,2.547433,0.000000,2.587346,0.005230,7.324823,0.006360,0.539335,0.162743,0.973227,0.088990,0.001114,0.224051,0.437278,0.252853,0.000000,84.849218,459.409026,119.061981,24.188605,697.176881
0.000000,0.000000,2.496396,0.000028,2.767214,0.001145,7.473407,0.009012,0.132815,0.163284,0.286408,0.631629,0.000665,0.195531,0.408413,0.162435,0.028409,85.243209,462.933908,125.267566,24.761804,697.114751
0.000000,0.000000,2.499241,0.000026,2.586720,0.000000,7.257703,0.015379,0.038424,0.168204,0.890943,0.078140,0.000687,0.199147,0.430558,0.180782,0.009341,85.644705,462.952535,125.743564,32.739243,696.788330
0.000000,0.000000,2.580231,0.000021,2.962458,0.000189,7.342210,0.011627,0.055537,0.162701,0.966037,0.152849,0.000866,0.222603,0.500434,0.057529,0.005742,84.978967,471.564861,124.512685,24.174735,696.675356
0.000000,0.000000,2.488937,0.000022,2.592300,0.000092,7.328300,0.020613,0.054644,0.183120,0.967532,0.248540,0.000535,0.222328,0.457643,0.222014,0.017313,85.196068,462.888461,114.255271,24.180349,696.621889
0.000000,0.000000,2.500169,0.039502,2.615928,0.008081,7.426578,0.004950,0.247510,0.162720,1.020218,0.057991,0.000857,0.222955,0.314544,0.199587,0.000000,85.178411,462.873737,125.640009,24.661269,696.561233
0.000000,0.000000,2.505636,0.143545,2.592287,0.001061,7.334963,0.051617,0.230579,0.165993,0.938664,0.147521,0.000861,0.225212,0.430299,0.302711,0.000860,84.928190,462.928033,115.973969,24.155145,696.148136
0.000000,0.000000,1.765380,0.000005,2.592315,0.001604,7.327780,0.008885,0.054370,0.162681,0.961089,0.066441,0.000746,0.221685,0.413780,0.159288,0.027150,86.236801,462.848095,126.492327,24.174405,696.107607
0.000000,0.000000,2.713601,0.000024,2.592286,0.088138,7.398632,0.005438,0.074256,0.162631,0.985926,0.211616,0.000757,0.224645,0.499257,0.212805,0.069415,84.760572,462.954434,123.660944,25.682823,695.775181
0.000000,0.000000,4.312607,0.000016,2.523283,0.001528,7.320161,0.017120,0.053898,0.161478,0.962828,0.072644,0.000501,0.225223,0.445865,0.201947,0.009959,83.690943,456.923984,122.076647,24.215267,695.695311
0.000000,0.000000,2.441566,0.000645,2.575327,0.000981,7.336797,0.011751,0.328733,0.180761,0.857216,0.162125,0.000763,0.222877,0.395751,0.227513,0.011958,85.245238,461.222809,122.136708,24.168195,695.692752
0.000000,0.000000,2.363877,0.000002,2.566712,0.003442,7.310474,0.005563,0.099494,0.160658,0.885548,0.076875,0.000840,0.222657,0.425058,0.243839,0.100542,85.534421,462.955023,125.399577,24.225750,695.569272
0.000000,0.000000,2.516350,0.000011,2.640535,0.003939,7.380865,0.007975,0.000000,0.162677,0.997192,0.066319,0.000863,0.222677,0.375259,0.143715,0.005106,85.476516,474.163007,125.777434,24.416978,695.526406
0.000000,0.000000,2.494746,0.000003,2.592278,0.000393,7.219910,0.004066,0.045091,0.162638,1.049652,0.082054,0.000614,0.214639,0.441134,0.235010,0.026274,85.431499,453.670454,119.286642,23.662494,695.514702
0.000000,0.000000,2.360023,0.000336,2.581245,0.000000,7.324536,0.002324,0.074541,0.187354,0.910326,0.175332,0.001064,0.224280,0.526508,0.235022,0.081391,85.315717,462.657508,125.305183,24.086630,695.199962
0.000000,0.000000,2.512779,0.000098,2.593597,0.020077,7.287436,0.008638,0.050182,0.170311,0.759774,0.168808,0.000863,0.218121,0.508783,0.227517,0.014736,85.458280,450.763191,118.453169,24.165975,694.712833
0.000000,0.000000,3.085150,0.000000,2.592487,0.010370,7.447513,0.001994,0.090440,0.158630,1.025898,0.042171,0.000836,0.223814,0.417391,0.250997,0.040719,84.611591,462.783518,125.403765,24.777142,694.574893
0.000000,0.000000,2.740978,0.000560,2.591328,0.001172,7.335009,0.038306,0.485781,0.178438,0.591484,0.140930,0.000742,0.204082,0.396287,0.250011,0.008835,85.036057,462.936407,123.176709,24.166037,694.094669
0.000000,0.000000,2.506258,0.014499,2.592297,0.000000,8.600000,0.004694,0.000000,0.162709,1.259490,0.250307,0.000747,0.142384,0.412733,0.254768,0.053225,83.745889,462.923250,124.921681,24.846547,694.023311
0.000000,0.000000,2.490955,0.000020,2.592298,0.000000,7.330687,0.016739,0.053629,0.162642,0.980952,0.096568,0.000475,0.223228,0.509381,0.221386,0.008186,85.312854,447.209497,121.871713,19.307377,693.652222
0.000000,0.000000,2.508410,0.215828,2.592772,0.002317,8.293968,0.004503,0.223329,0.162693,0.662004,0.129230,0.000814,0.222411,0.436463,0.306518,0.001960,84.236780,462.619332,125.465135,21.296799,693.542465
0.000000,0.000000,2.512066,0.000014,2.464670,0.000015,7.332718,0.004751,0.000000,0.162714,0.779850,0.083371,0.000962,0.159060,0.635442,0.183259,0.002072,85.679036,418.354383,112.760242,24.154633,693.532780
0.000000,0.000000,2.080814,0.025784,2.593760,0.002003,7.134660,0.000000,0.077319,0.162602,0.942624,0.010876,0.000724,0.226828,0.446113,0.243117,0.030211,86.022566,462.589772,124.101571,22.058215,693.509247
0.000000,0.000000,2.486963,0.000043,2.592238,0.000000,8.600000,0.017320,0.052670,0.162554,0.934266,0.127227,0.000460,0.285547,0.414569,0.110025,0.013018,84.203100,463.025513,125.124469,24.172528,693.473391
0.000000,0.000000,2.493822,0.000006,3.052862,0.000000,7.266332,0.004284,0.049643,0.211056,0.967674,0.115128,0.000694,0.229578,0.436462,0.225870,0.016854,84.929736,456.950672,121.802957,23.859255,693.396335
0.000000,0.000000,3.480252,0.000000,2.594915,0.045821,7.224240,0.006005,0.056470,0.162694,0.988167,0.234601,0.000953,0.223754,0.385429,0.209785,0.000000,84.386912,430.441829,113.823062,24.168044,692.913638
0.000000,0.000000,2.508156,0.007716,2.596162,0.020095,7.250375,0.015094,0.001955,0.157981,1.456741,0.216037,0.000862,0.174617,0.452940,0.271621,0.005391,84.864255,457.804714,122.614555,24.045356,692.865982
0.000000,0.000000,3.790646,0.000000,2.620094,0.018269,7.602725,0.002987,0.000000,0.168956,1.216652,0.118358,0.000848,0.229128,0.418507,0.254849,0.007982,83.550000,459.879088,125.086003,28.964605,692.748364
0.000000,0.000000,2.491309,0.000013,2.429575,0.024042,7.335522,0.006903,0.055805,0.187963,0.964492,0.147976,0.000776,0.142635,0.426809,0.216699,0.003925,85.565556,462.531923,125.685192,24.158973,692.646976
0.000000,0.000000,2.984653,0.087597,2.588729,0.000000,7.315945,0.009123,0.091034,0.191249,0.902968,0.128244,0.000733,0.223503,0.540517,0.272754,0.003827,84.659123,462.758202,124.995046,24.161410,692.562137
0.000000,0.000000,2.604261,0.000420,2.592334,0.003827,7.332712,0.011223,0.000000,0.162686,0.980304,0.041380,0.000793,0.221323,0.437057,0.128789,0.004185,85.478704,462.751708,106.487206,24.175567,692.298037
0.000000,0.000000,2.452109,0.115549,2.860589,0.000000,7.331490,0.011758,0.021907,0.169364,0.799533,0.238033,0.000810,0.221222,0.492226,0.232269,0.114656,84.938485,455.174270,112.622885,25.891174,692.144850
0.000000,0.000000,1.763902,0.000015,2.592309,0.001397,7.330774,0.001211,0.372988,0.211312,0.971732,0.000000,0.000666,0.223202,0.421242,0.253086,0.000000,85.856164,462.878035,125.839609,24.171024,691.841372
0.000000,0.000000,2.586288,0.000009,2.592760,0.001803,7.272582,0.006131,0.054747,0.160969,1.930101,0.193852,0.000750,0.221040,0.419918,0.223695,0.003476,84.331879,462.634305,125.569433,21.998731,691.459692
0.000000,0.000000,3.799284,0.000019,2.430721,0.001551,7.330214,0.016922,0.052441,0.162633,0.760172,0.052120,0.000598,0.242311,0.421760,0.154400,0.000000,84.574852,462.914879,126.089983,24.171369,690.758914
0.000000,0.000000,2.734946,0.007371,2.708900,0.026020,7.160856,0.010131,0.036125,0.155788,1.081481,0.442796,0.000587,0.221262,0.373088,0.275434,0.006355,84.758861,464.783127,125.585326,25.131699,690.702055
0.000000,0.000000,2.492089,0.033264,2.592156,0.000000,7.292082,0.009464,0.041240,0.224267,0.742183,0.185707,0.000866,0.190534,0.512127,0.187883,0.045194,85.450945,450.111779,118.529056,24.660815,690.592178
0.000000,0.000000,2.522317,0.018901,3.142258,0.004219,7.643143,0.010288,0.005788,0.169117,0.740376,0.142101,0.000771,0.164980,0.447693,0.231923,0.005139,84.750984,448.356300,125.204637,30.752732,690.567521
0.000000,0.000000,2.274206,0.000214,2.574945,0.002469,7.318613,0.003648,0.085497,0.177584,0.899433,0.136078,0.000993,0.222823,0.490155,0.238339,0.041125,85.533877,462.766272,125.310373,24.139236,690.419317
0.000000,0.000000,1.316799,0.252206,2.592287,0.001377,7.328656,0.001387,0.055374,0.162602,0.928943,0.092818,0.000757,0.226298,0.450322,0.265702,0.030892,86.293582,462.994795,124.945456,24.156277,690.418461
0.000000,0.000000,2.567855,0.000575,2.520650,0.163623,7.344038,0.016154,0.023574,0.162648,1.395843,0.324050,0.000872,0.223584,0.361778,0.120585,0.009876,84.764293,454.899499,122.402334,24.181888,689.368471
0.000000,0.000000,2.520806,0.000018,2.592292,0.000845,8.201102,0.007638,0.054841,0.162627,0.968566,0.070463,0.000000,0.223346,0.442843,0.184072,0.034741,84.535800,476.822506,124.881572,26.372876,689.313625
0.000000,0.000000,2.575801,0.000025,2.591529,0.023281,7.668102,0.007808,0.051022,0.162715,0.940581,0.026225,0.000887,0.226607,0.399310,0.237978,0.009882,85.078245,462.070959,123.243481,16.280280,689.153746
0.000000,0.000000,2.969910,0.000000,2.592447,0.008026,7.414022,0.005400,0.000000,0.206826,1.287017,0.042023,0.000827,0.222326,0.426016,0.152722,0.004265,84.668173,462.845118,125.970445,24.614293,689.144306
0.000000,0.000000,3.100272,0.165049,2.592859,0.079888,8.123025,0.011803,0.000000,0.151520,0.951649,0.054715,0.000680,0.153811,0.358904,0.190723,0.041319,84.023783,450.204089,125.853310,24.174736,689.104738
0.000000,0.000000,2.492053,0.014236,2.592278,0.001294,6.779408,0.008235,0.051709,0.162600,0.633340,0.031541,0.000810,0.227979,0.391823,0.184652,0.008290,86.419751,463.005619,125.160038,24.227387,689.031430
0.000000,0.000000,2.485910,0.000000,2.592320,0.003214,7.349741,0.001654,0.344703,0.140710,0.955546,0.007901,0.000772,0.226396,0.440888,0.308268,0.002974,85.139003,462.445187,124.945912,24.271995,688.946404
0.000000,0.000000,2.495313,0.003777,2.592295,0.001397,8.600000,0.046027,0.054994,0.134239,0.639611,0.000000,0.000299,0.181836,0.398841,0.137905,0.000000,84.713466,462.941527,125.181943,24.163821,688.943912
0.000000,0.000000,2.791668,0.000022,2.592288,0.001550,6.754612,0.014165,0.053610,0.162611,0.971213,0.067928,0.000471,0.224578,0.464557,0.235369,0.000000,85.665356,462.955316,124.597679,24.169473,687.984256
0.000000,0.000000,3.039513,0.000006,2.641584,0.001503,7.304032,0.012169,0.055737,0.159623,0.924542,0.027705,0.000769,0.228137,0.401416,0.192016,0.116385,84.894862,447.192412,118.175318,24.278759,687.973502
0.000000,0.000000,2.767720,0.087223,2.504366,0.052947,7.347481,0.004011,0.082582,0.192815,1.088909,0.309333,0.000677,0.235217,0.417808,0.253060,0.005572,84.650280,450.896880,125.536754,24.058734,687.573195
0.000000,0.000000,2.482800,0.000019,2.592301,0.000812,7.331872,0.003137,0.055277,0.162638,1.554327,0.318296,0.000731,0.203352,0.460145,0.240580,0.092700,84.501013,462.922326,125.221973,19.942492,687.478697
0.000000,0.000000,2.501266,0.001749,2.592627,0.000000,7.321391,0.005902,0.042546,0.157295,0.883972,0.157623,0.000757,0.241437,0.432476,0.216390,0.003236,85.441333,467.587526,125.110676,26.443521,687.450276
0.000000,0.000000,1.330866,0.019676,2.599785,0.010961,7.243713,0.008328,0.046454,0.168129,0.931284,0.053292,0.001006,0.188545,0.399459,0.288819,0.019466,86.690215,455.789381,122.517880,23.843990,687.276402
0.000000,0.000000,2.517659,0.001015,2.937525,0.095834,7.866747,0.023895,0.017146,0.162863,0.999729,0.394931,0.000719,0.138774,0.599194,0.213871,0.054218,83.975878,451.293496,124.088378,36.695721,687.129487
0.000000,0.000000,1.845092,0.000006,2.592339,0.001568,7.326807,0.010035,0.055297,0.162713,0.946269,0.095453,0.001508,0.222189,0.431486,0.242530,0.029846,86.036861,467.573712,125.626885,24.156613,687.118168
0.000000,0.000000,1.922069,0.000015,2.658696,0.019182,7.307334,0.005006,0.052953,0.162730,0.795829,0.164385,0.000652,0.245442,0.426569,0.234529,0.046312,85.958297,461.010639,124.015096,24.072757,686.950879
0.000000,0.000000,2.497330,0.004842,2.593218,0.020808,7.306170,0.009990,0.024510,0.254029,0.783207,0.193682,0.000937,0.233479,0.454429,0.213255,0.009016,85.401099,475.937246,123.093211,30.497709,685.377910
0.000000,0.000000,2.497082,0.000004,3.047100,0.008832,7.449646,0.005858,0.246640,0.183193,0.990450,0.142095,0.001123,0.228680,0.441812,0.332710,0.002484,84.422290,445.818771,125.088443,36.287385,685.359203
0.000000,0.000000,2.510888,0.000018,2.592300,0.110379,7.329964,0.017240,0.000000,0.134542,0.937879,0.053514,0.000641,0.223166,0.407067,0.272959,0.008904,85.400538,462.898745,125.979810,23.952558,685.148218
0.000000,0.000000,2.485724,0.125898,2.260667,0.000000,7.141569,0.007198,0.352131,0.162666,0.950589,0.144871,0.000234,0.225649,0.405415,0.250820,0.009081,85.477485,461.340365,122.236727,24.176115,685.124392
0.000000,0.000000,2.478184,0.112121,2.226682,0.001234,7.332453,0.006842,0.156432,0.169293,0.967514,0.000000,0.001005,0.223651,0.415615,0.258955,0.000000,85.650020,462.868150,124.564486,24.167635,684.909122
0.000000,0.000000,1.580112,0.000048,2.725301,0.001091,7.385056,0.020149,0.000000,0.162628,0.859301,0.237820,0.000506,0.218845,0.396865,0.163615,0.031626,86.217037,462.999202,125.276095,29.524272,684.847551
0.000000,0.000000,2.785021,0.061617,2.590292,0.000472,8.344182,0.000000,0.074869,0.243867,0.922023,0.358524,0.000735,0.223636,0.394559,0.269830,0.004887,83.725488,462.829163,107.279271,24.137693,684.658392
0.000000,0.000000,3.007307,0.000026,2.582635,0.001315,8.568021,0.009855,0.128129,0.136444,1.143695,0.036609,0.000858,0.225497,0.368833,0.229912,0.010864,83.550000,463.013868,125.146763,24.047419,684.253616
0.000000,0.000000,2.488621,0.001355,2.592293,0.025082,7.330606,0.021139,0.000000,0.122694,0.976251,0.312791,0.000521,0.223729,0.448969,0.151298,0.007297,85.297356,449.273429,124.708292,24.138148,684.212469
0.000000,0.000000,2.511500,0.000022,2.592291,0.000987,7.228995,0.008116,0.436111,0.162736,0.544184,0.178167,0.000802,0.224966,0.422817,0.268846,0.018292,85.401169,482.952638,111.552300,24.172514,683.766360
0.000000,0.000000,2.504530,0.004096,2.592286,0.000000,7.334568,0.050687,0.164212,0.161236,1.130017,0.127210,0.000832,0.270658,0.413226,0.299149,0.015228,84.932065,461.706614,104.651015,24.187407,683.455201
0.000000,0.000000,1.470252,0.053333,2.592344,0.000000,7.103277,0.010535,0.051311,0.163375,0.968528,0.044342,0.000773,0.218515,0.380851,0.203136,0.005680,86.733748,460.122287,125.220522,19.225733,683.444955
0.000000,0.000000,1.045742,0.000000,2.592308,0.000465,7.317751,0.010010,0.052860,0.187002,0.952567,0.049422,0.000679,0.223085,0.418299,0.236620,0.007706,86.905484,454.215335,125.100404,24.114939,683.134835
0.000000,0.000000,1.515284,0.034348,2.790198,0.001117,7.331615,0.010985,0.112759,0.150362,0.391869,0.037798,0.000823,0.230018,0.388077,0.225998,0.005668,86.773083,452.342873,124.126318,24.324833,683.112719
0.000000,0.000000,2.506019,0.000015,2.592314,0.000355,7.332136,0.008185,0.111679,0.162694,1.250198,0.087152,0.000823,0.222735,0.599330,0.195111,0.003823,84.927432,469.315027,131.735327,24.159418,682.704899
0.000000,0.000000,2.486475,0.000034,2.592259,0.000089,8.187790,0.017396,0.052290,0.150820,0.934144,0.096042,0.000058,0.218793,0.297711,0.100246,0.000736,84.865117,483.719066,125.491558,22.864003,682.647167
0.000000,0.000000,2.376060,0.002469,2.592372,0.001559,7.334098,0.018941,0.042804,0.202630,0.972648,0.107031,0.000455,0.165036,0.471483,0.163491,0.012260,85.536663,477.311117,124.724901,24.143734,682.311956
0.000000,0.000000,2.504053,0.000054,2.592988,0.017869,6.949853,0.003941,0.052686,0.112184,0.864404,0.091611,0.000471,0.200917,0.416239,0.201655,0.007281,85.983797,462.449150,123.587278,24.167241,682.079959
0.000000,0.000000,2.289833,0.000509,2.592298,0.000647,7.334932,0.004415,0.065433,0.138047,0.131350,0.235938,0.001161,0.223466,0.576608,0.235489,0.090505,86.079371,462.506135,124.498634,24.008085,681.873798
0.000000,0.000000,1.061048,0.000000,2.592435,0.000000,7.337788,0.011019,0.046159,0.162774,0.984258,0.031024,0.000793,0.195216,0.413349,0.220141,0.003785,86.940211,455.820995,124.731737,22.307615,681.666571
0.000000,0.000000,3.295780,0.083970,3.085064,0.001690,7.327745,0.005615,0.054704,0.223875,0.761371,0.124664,0.000658,0.252391,0.422898,0.234604,0.049818,84.075152,462.722807,125.142903,24.168252,681.496890
0.000000,0.000000,1.259171,0.000071,2.916475,0.019619,8.600000,0.000000,0.000000,0.168090,0.263824,0.111089,0.000122,0.219259,0.481740,0.255011,0.009929,85.695601,456.041830,122.872651,23.506707,681.454048
0.000000,0.000000,2.516827,0.000021,2.442107,0.000822,7.334296,0.006446,0.055386,0.162721,0.438708,0.121706,0.000689,0.224841,0.453555,0.273767,0.003229,85.964881,475.913699,125.208451,21.911208,681.315841
0.000000,0.000000,0.780144,0.000023,2.589468,0.001569,7.329556,0.003558,0.053825,0.170862,1.195617,0.190493,0.000224,0.203265,0.434292,0.194790,0.077458,86.774855,459.464197,124.812612,24.161772,681.268131
0.000000,0.000000,2.485729,0.000023,2.592285,0.001558,7.328140,0.007584,0.330109,0.148812,0.954546,0.032420,0.000620,0.225840,0.462546,0.238722,0.004977,85.186090,451.642534,124.724536,19.067507,681.150904
0.000000,0.000000,2.623105,0.000003,2.563273,0.001331,7.327220,0.008188,0.063716,0.172979,0.064684,0.000000,0.000747,0.309145,0.444346,0.242763,0.079476,86.099023,462.830267,126.414969,24.173982,680.998843
0.000000,0.000000,2.869900,0.000028,2.592276,0.001130,7.443381,0.008494,0.087011,0.154928,0.889418,0.258780,0.000757,0.269139,0.410464,0.210467,0.026576,84.777251,432.029678,122.614914,25.726060,680.888031
0.000000,0.000000,2.728348,0.000010,2.392641,0.000417,7.330048,0.002825,0.083198,0.195567,1.089141,0.000000,0.000657,0.211828,0.436122,0.177715,0.001243,85.350241,461.022055,125.799507,24.171362,680.653201
0.000000,0.000000,2.800331,0.003245,2.717119,0.017831,7.378375,0.015201,0.036916,0.133392,1.049997,0.122277,0.000821,0.224028,0.362733,0.193106,0.010581,84.934048,462.296252,125.339549,24.178205,680.635927
0.000000,0.000000,2.705399,0.006495,2.753103,0.006239,7.183653,0.009155,0.109756,0.156929,0.822525,0.166657,0.000588,0.221029,0.378287,0.301808,0.145156,85.033222,466.101418,125.638557,25.017424,680.493387
0.000000,0.000000,2.829446,0.003665,2.592418,0.000000,7.385155,0.028484,0.034599,0.105518,1.060345,0.134289,0.000825,0.224429,0.350410,0.146889,0.011530,85.091998,462.228622,125.164245,24.303997,680.353322
0.000000,0.000000,2.603854,0.000000,2.592352,0.006020,7.350263,0.010697,0.080885,0.162075,0.968955,0.215036,0.000786,0.217253,0.444764,0.130905,0.003250,85.212905,462.129682,137.292157,27.259900,679.465148
0.000000,0.000000,1.794056,0.154729,2.592388,0.034901,7.277416,0.009752,0.055306,0.137569,0.441129,0.096070,0.000694,0.223415,0.437566,0.224374,0.061893,86.458742,456.386080,121.119381,23.573944,679.122560
0.000000,0.000000,2.540015,0.000000,2.592402,0.005741,5.807258,0.007305,0.045891,0.162715,1.233155,0.037417,0.000813,0.221815,0.434051,0.176150,0.003890,86.731382,462.835735,126.234299,25.837605,679.035908
0.000000,0.000000,1.250208,0.000000,2.397780,0.001837,7.332152,0.001276,0.000000,0.162734,0.965320,0.000684,0.001473,0.219905,0.422705,0.242025,0.000059,87.001840,462.665401,125.762345,24.161655,678.765689
0.000000,0.000000,2.484922,0.000026,2.592292,0.000000,8.600000,0.020160,0.052766,0.162622,0.986422,0.100406,0.000335,0.315692,0.497083,0.230363,0.009937,83.946974,462.920130,134.762172,24.174814,678.737490
0.000000,0.000000,2.889452,0.000018,2.428044,0.006789,7.329352,0.008651,0.036270,0.134885,0.948776,0.089926,0.000852,0.220940,0.432888,0.231629,0.030171,85.211357,462.033629,125.927885,24.171484,678.609561
0.000000,0.000000,2.613475,0.105323,2.592303,0.001558,7.329812,0.017949,0.370226,0.162660,1.379324,0.054840,0.000845,0.300789,0.414760,0.140919,0.012882,84.502334,462.902309,125.754648,24.167858,677.958194
0.000000,0.000000,3.527309,0.114749,2.315124,0.000754,7.336300,0.007639,0.055493,0.162636,0.958032,0.000000,0.000837,0.224350,0.453276,0.189848,0.004727,84.648924,469.242719,124.509079,24.167150,677.850650
0.000000,0.000000,2.529447,0.206985,2.430574,0.004808,6.666129,0.007832,0.710120,0.162703,0.963327,0.134367,0.000424,0.225403,0.424292,0.253787,0.005263,85.274538,459.771017,119.420435,24.188346,675.982301
0.000000,0.000000,2.567504,0.266399,2.607568,0.006099,6.843199,0.000000,0.282238,0.162729,0.973412,0.112459,0.000921,0.225307,0.444313,0.255570,0.000000,85.252283,458.554569,130.681514,24.197168,675.802734
0.000000,0.000000,2.492865,0.000022,2.665941,0.017131,7.336407,0.005425,0.055269,0.194893,0.926036,0.356698,0.001424,0.220874,0.438189,0.243804,0.065908,84.979112,482.806237,116.230949,24.160573,675.475834
0.000000,0.000000,3.525391,0.024722,2.499806,0.042138,7.395657,0.019703,0.191062,0.162662,1.131043,0.243381,0.000777,0.224712,0.350998,0.189793,0.022794,83.975360,490.665517,123.517927,25.409181,675.140748
0.000000,0.000000,2.496589,0.029958,2.592281,0.001167,7.595673,0.015644,0.179243,0.112706,1.034283,0.030529,0.000690,0.229621,0.383233,0.221293,0.000000,85.077092,429.801746,125.202326,27.214382,674.906681
0.000000,0.000000,1.803650,0.000003,2.592376,0.000471,7.224252,0.002527,0.045828,0.133772,0.758352,0.060014,0.000626,0.224859,0.441510,0.234227,0.000000,86.477533,454.041315,119.424395,23.684049,674.001516
0.000000,0.000000,2.637865,0.000002,2.592348,0.001805,6.708173,0.002799,0.054924,0.162731,0.939119,0.006409,0.000312,0.221514,0.421755,0.224168,0.006435,86.019641,477.925259,125.834136,24.157878,673.419498
0.000000,0.000000,2.427955,0.005529,2.754726,0.010700,7.344133,0.007512,0.040828,0.164571,1.534291,0.078544,0.000771,0.213329,0.440625,0.227436,0.002826,84.746222,464.627895,141.465172,26.719988,672.597282
0.000000,0.000000,3.218358,0.002944,2.592330,0.004476,6.547030,0.018500,0.055079,0.162663,1.157893,0.053328,0.000879,0.260540,0.386459,0.118312,0.001623,85.419585,462.901473,125.170213,25.612314,671.970989
0.000000,0.000000,3.333598,0.000032,2.353951,0.005437,8.490577,0.015086,0.056080,0.160242,1.047537,0.162548,0.000505,0.194699,0.432865,0.177952,0.018890,83.550000,462.977222,123.998916,33.309222,669.158268
0.000000,0.000000,2.533380,0.000022,2.802081,0.000932,7.334304,0.040901,0.055468,0.162626,0.953928,0.078521,0.000819,0.224930,0.404086,0.201244,0.005855,85.200903,467.877635,93.302614,24.164603,669.119754
0.000000,0.000000,1.873072,0.000021,1.998488,0.001157,7.332867,0.000000,0.000000,0.150493,0.971684,0.130359,0.000478,0.247283,0.467845,0.256175,0.007748,86.562329,462.919958,124.800092,24.173913,668.892153
0.000000,0.000000,1.727221,0.013387,2.627671,0.006891,7.076413,0.007689,0.000000,0.199482,1.123850,0.115895,0.001009,0.219871,0.444779,0.234868,0.004185,86.196788,467.267178,125.189619,37.727992,668.548085
0.000000,0.000000,2.491582,0.000022,2.592351,0.000475,7.429238,0.010340,0.050703,0.068684,0.985010,0.068453,0.000876,0.208179,0.475500,0.193990,0.029541,85.395054,461.998333,123.510395,19.569979,667.542821
0.000000,0.000000,2.509998,0.106827,2.592327,0.000000,7.330042,0.001897,0.055194,0.162770,0.969610,0.041025,0.000512,0.222334,0.431238,0.246898,0.002060,85.327266,462.823313,73.844540,24.169736,666.276553
0.000000,0.000000,2.528890,0.000037,2.592584,0.004773,5.873164,0.008987,0.054236,0.164458,0.902820,0.183504,0.000776,0.308704,0.468846,0.260532,0.006038,86.641650,460.222129,124.592143,24.168869,665.737735
0.000000,0.000000,2.581315,0.000010,2.170007,0.001836,8.207365,0.011454,0.054208,0.158805,0.927121,0.392602,0.000624,0.221300,0.382532,0.224285,0.003781,84.662755,462.455976,136.921414,26.168066,661.743577
0.000000,0.000000,1.088296,0.047523,2.592273,0.001495,6.627140,0.009501,0.191285,0.162580,0.937891,0.028669,0.000933,0.232232,0.355907,0.239874,0.008427,87.475972,481.465488,123.673257,22.978811,656.850464
0.000000,0.000000,2.493578,0.005053,2.592541,0.012742,6.817403,0.004537,0.050240,0.162764,0.967366,0.456180,0.000702,0.174227,0.435528,0.224982,0.015602,85.586556,457.690047,80.171766,23.888272,655.625458
0.000000,0.000000,2.782539,0.003111,2.035842,0.016934,5.857275,0.015857,0.032622,0.145766,1.046825,0.124317,0.000808,0.224278,0.319858,0.194903,0.011234,87.187832,460.914430,124.669004,24.179187,648.068483
0.000000,0.000000,3.385557,0.000020,2.543936,0.000791,7.786916,0.012655,0.114081,0.159698,1.269918,0.154733,0.000597,0.206255,0.556990,0.252205,0.005647,83.550000,462.916652,89.574425,24.171902,647.482485
0.000000,0.000000,2.487849,0.000026,2.592275,0.005670,7.333375,0.009358,0.050333,0.187072,0.939778,0.000000,0.001172,0.226518,0.280031,0.240192,0.011433,85.634918,463.016487,164.577825,24.158793,642.410221
0.000000,0.000000,2.526016,0.010536,2.592327,0.048494,7.329716,0.000000,0.055381,0.162947,0.900446,0.092535,0.000699,0.223258,0.383756,0.223109,0.063386,85.387394,492.766439,79.834212,23.500480,642.025826
0.000000,0.000000,2.507990,0.009990,2.592634,0.001704,7.347378,0.016484,0.010005,0.162936,0.928587,0.121820,0.000830,0.224797,0.391772,0.178150,0.019908,85.485013,462.942129,161.759403,34.682893,635.246998
0.000000,0.000000,3.680194,0.000027,2.592275,0.001521,7.331510,0.006304,0.020622,0.162582,1.136888,0.019341,0.000877,0.237570,0.382880,0.214109,0.000818,84.212481,463.029173,171.406388,26.090985,630.664300
0.000000,0.000000,2.485439,0.000170,2.360753,0.036882,7.330049,0.019704,0.052809,0.162622,0.986098,0.102462,0.000340,0.223229,0.473022,0.160964,0.009928,85.595530,462.796637,167.074593,24.128103,627.329169
0.000000,0.000000,2.754016,0.014166,2.558454,0.007676,5.389806,0.022303,0.067430,0.172458,1.052285,0.117835,0.000777,0.222468,0.331067,0.236006,0.013477,87.039776,459.944289,125.565014,17.066373,609.813884
0.000000,0.000000,2.547166,0.000020,2.700698,0.000352,4.964752,0.009830,0.055433,0.162766,0.950110,0.185744,0.000785,0.223361,0.457764,0.242603,0.004202,87.494413,465.446725,125.145804,24.171169,608.501834
0.000000,0.000000,2.117604,0.000018,2.598084,0.000000,7.329523,0.008494,0.035415,0.145738,0.948577,0.092440,0.000659,0.220945,0.432118,0.232009,0.031389,85.806988,462.000007,198.594169,24.171530,586.528689
0.000000,0.000000,2.492356,0.012362,2.322541,0.007124,7.232000,0.008976,0.045038,0.166141,0.931331,0.457421,0.000701,0.167406,0.442265,0.245520,0.000000,85.468817,458.409634,177.287494,23.759769,580.497785
