Si,Fe,Cu,Mn,Mg,Cr,Zn,V,Ti,Zr,Li,Ni,Be,Sc,Ag,Bi,Pb,Al,SS Temp,Ageing Temp,Ageing Time,UTS-real,UTS-pred,error
0,0,1.07,0,1.07,0,3.4,0,0,0.1,1.8,0,0,0,0,0,0,92.56,530,185,48,475,475.22,0.05%
0.49,0.24,0.31,0.01,1.01,0.055,0.05,0.01,0,0,0,0.06,0,0,0,0,0,97.765,530,25,504,305,305.17,0.05%
0.4,0.35,0.1,0.1,0.675,0.1,0.1,0,0.1,0,0,0,0,0,0,0,0,98.075,525,175,48,248.9,249.06,0.07%
0,0,1.6,0,2.5,0.23,5.6,0,0,0,0,0,0,0,0,0,0,90.07,480,120,24,570,570.62,0.11%
0,0,1.6,0,2.5,0,5.6,0,0,0,0,0,0,0,0,0,0,90.3,460,135,12,560,560.66,0.12%
0,0,0.22,0,2.49,0,7.11,0,0,0.4,0,0,0,0.22,0,0,0,89.56,470,25,0,489,488.40,0.12%
0.01,0.02,1.39,0,1.58,0,7.55,0,0,0.12,0,0,0,0,0,0,0,89.33,475,140,36,566.4,565.69,0.12%
0.01,0.02,1.39,0,1.58,0,7.55,0,0,0.12,0,0,0,0,0,0,0,89.33,475,140,12,581.5,582.23,0.13%
0.14,0.01,3.87,0.01,0.6,0,0.001,0,0,0,0,0,0,0,0,0,0,95.369,500,160,24,408,407.48,0.13%
0.18,0.11,0.33,0.32,1.98,0,5.7,0,0,0.1,0,0,0,0.25,0,0,0,91.03,470,120,12,522.4,521.66,0.14%
0.01,0.02,1.39,0,1.58,0,7.55,0,0,0.12,0,0,0,0,0,0,0,89.33,475,140,24,575,574.17,0.15%
0,0,3.89,0,0,0,0,0,0,0.18,2.5,0,0,0,0,0,0,93.43,510,150,32,589,589.87,0.15%
0.3,0.4,4.4,0.6,1.6,0.1,0.2,0,0,0,0,0,0,0,0,0,0,92.4,495,190,12,476,476.81,0.17%
0.01,0.02,1.39,0,1.58,0,7.55,0,0,0.12,0,0,0,0,0,0,0,89.33,475,140,20,576.7,577.94,0.22%
0.055,0.061,2.35,0.0076,1.94,0.0051,7.76,0,0,0.12,0,0,0,0,0,0,0,87.7013,477,160,12,593.5,594.79,0.22%
0.05,0.07,1.22,0,2.39,0,6.58,0,0.03,0.11,0,0,0.002,0,0,0,0,89.548,488,121,24,587.9,589.22,0.22%
0,0,5.3,0,0,0,0,0,0,0.17,2.49,0,0,0,0,0,0,92.04,510,150,48,565.1,563.83,0.23%
0,0,0.21,0,2.6,0,6.84,0,0,0.18,0,0,0,0.37,0,0,0,89.8,470,120,24,616,617.39,0.23%
0.18,0.11,0.33,0.32,1.98,0,5.7,0,0,0.1,0,0,0,0.25,0,0,0,91.03,460,120,24,544.9,543.66,0.23%
0.18,0.11,0.33,0.32,1.98,0,5.7,0,0,0.1,0,0,0,0.25,0,0,0,91.03,470,120,28,546.7,545.44,0.23%
0.3,0.4,4.37,0.6,1.29,0.05,0.075,0,0.009,0,0,0,0,0,0,0,0,92.906,497,190,16,525,523.71,0.25%
0,0,1.24,0,0.7,0,0,0,0,0.12,2.49,0,0,0,0,0,0,95.45,530,185,8,458,456.85,0.25%
0.4,0.35,0.1,0.1,0.675,0.1,0.1,0,0.1,0,0,0,0,0,0,0,0,98.075,525,175,168,222.4,221.82,0.26%
0,0,0.19,0,2.55,0,6.98,0,0,0.29,0,0,0,0.27,0,0,0,89.72,470,25,0,468,466.78,0.26%
0,0,2.24,0,1.95,0,7.82,0,0,0.16,0,0,0,0,0,0,0,87.83,470,150,8,627,625.19,0.29%
0.18,0.11,0.33,0.32,1.98,0,5.7,0,0,0.1,0,0,0,0.25,0,0,0,91.03,470,120,36,541.6,540.02,0.29%
0.055,0.061,2.35,0.0076,1.94,0.0051,7.76,0,0,0.12,0,0,0,0,0,0,0,87.7013,477,120,9,589.4,591.21,0.31%
0.15,0.2,1.6,0.1,2.5,0.23,5.6,0,0.1,0,0,0,0,0,0,0,0,89.52,515,147.5,24,524,522.30,0.33%
0.18,0.11,0.33,0.32,1.98,0,5.7,0,0,0.1,0,0,0,0.25,0,0,0,91.03,450,120,24,544.6,542.76,0.34%
0.4,0.6,0.65,0.55,1.6,0,7.5,0,0.2,0,0,0,0,0,0,0,0,88.5,493,120,24,485,483.25,0.36%
0,0,1.24,0,0.7,0,0,0,0,0.12,2.49,0,0,0,0,0,0,95.45,530,185,48,451,452.63,0.36%
0.02,0.04,1.79,0,1.5,0,7.41,0,0.04,0.09,0,0,0,0,0,0,0,89.11,480,150,8,542,539.90,0.39%
0.02,0.04,1.79,0,1.5,0,7.41,0,0.04,0.09,0,0,0,0,0,0,0,89.11,480,150,8,542,539.90,0.39%
1.35,0.25,0.95,0.85,1.1,0,0,0,0,0,0,0,0,0,0,0,0,95.5,530,175,8,364,365.42,0.39%
0,0,1.1,0,0.61,0,2.08,0,0,0.12,2.38,0,0,0,0,0,0,93.71,525,190,10,500,498.04,0.39%
0.055,0.061,2.35,0.0076,1.94,0.0051,7.76,0,0,0.12,0,0,0,0,0,0,0,87.7013,477,160,24,551.9,549.69,0.40%
0,0,1.07,0,1.07,0,3.4,0,0,0.1,1.8,0,0,0,0,0,0,92.56,530,185,16,489,491.00,0.41%
0,0,5.3,0,0,0,0,0,0,0.17,2.49,0,0,0,0,0,0,92.04,510,150,50,564,561.69,0.41%
0,0,4.4,0.6,1.5,0,0,0,0,0,0,0,0,0,0,0,0,93.5,495,190,12,485,487.05,0.42%
0.01,0.02,1.39,0,1.58,0,7.55,0,0,0.12,0,0,0,0,0,0,0,89.33,475,140,28,569.8,567.33,0.43%
0.04,0.07,1.2,0,2.42,0.04,6.66,0,0.03,0,0,0,0.004,0,0,0,0,89.536,488,121,24,575,577.55,0.44%
0.4,0.175,0.1,0.1,0.675,0,0,0,0,0,0,0,0,0,0,0,0,98.55,520,175,8,215,213.99,0.47%
0.85,0.7,4.45,0.8,0.5,0.1,0.25,0,0.15,0.05,0,0,0,0,0,0,0,92.15,500,160,18,457,459.25,0.49%
0,0,1.1,0,0.61,0,2.08,0,0,0.12,2.38,0,0,0,0,0,0,93.71,525,25,1440,372,373.86,0.50%
0,0,4.4,0.6,1.5,0,0,0,0,0,0,0,0,0,0,0,0,93.5,495,190,8,495,497.70,0.55%
0.082,0.35,0.12,0.3,2.3,0,5.2,0,0,0.13,0,0,0,0,0,0,0,91.518,470,120,24,457,454.44,0.56%
0.055,0.061,2.35,0.0076,1.94,0.0051,7.76,0,0,0.12,0,0,0,0,0,0,0,87.7013,477,160,40,514.8,511.87,0.57%
0.08,0.16,0.34,0.33,1.91,0,5.39,0,0,0,0,0,0,0,0,0,0,91.79,470,120,36,485,487.83,0.58%
0.15,0.26,1.5,0,2.4,0,5.7,0,0,0,0,0,0,0,0,0,0,89.99,480,140,264,526.8,529.87,0.58%
0.85,1.3,2.2,0.2,1.6,0,0.3,0,0.15,0,0,1.2,0,0,0,0,0,92.2,527.5,172.5,11,355,357.09,0.59%
0.5,0.5,4.35,0.6,1.5,0.1,0.25,0,0,0,0,0,0,0,0,0,0,92.2,493,25,0,469,466.21,0.59%
0.18,0.11,0.33,0.32,1.98,0,5.7,0,0,0.1,0,0,0,0.25,0,0,0,91.03,490,120,24,539.7,536.48,0.60%
0.2,0.5,4.1,0.6,1.2,0.1,0.1,0,0,0,0,0,0,0,0,0,0,93.2,500,100,30,589,585.40,0.61%
0.6,0.4,0.3,0.12,1.01,0.2,0.18,0,0,0,0,0,0,0,0,0,0,97.19,500,190,3,304,302.13,0.62%
0.01,0.02,1.39,0,1.58,0,7.55,0,0,0.12,0,0,0,0,0,0,0,89.33,475,140,16,581.2,577.60,0.62%
0,0,6,0,0,0,0,0,0,0.17,2.54,0,0,0,0,0,0,91.29,510,150,48,554.7,551.18,0.63%
0,0,1.24,0,0.7,0,0,0,0,0.12,2.49,0,0,0,0,0,0,95.45,530,185,2,439,436.21,0.63%
0.01,0.02,1.39,0,1.58,0,7.55,0,0,0.12,0,0,0,0,0,0,0,89.33,475,140,8,581.3,577.52,0.65%
1.4,0,1,0.8,1.1,0,0,0,0,0,0,0,0,0,0,0,0,95.7,530,175,8,360,357.65,0.65%
0,0,1.6,0,2.2,0.22,5.7,0,0,0,0,0,0,0,0,0,0,90.28,510,120,24,585,581.12,0.66%
1.4,0,0.28,0.7,0.8,0,0,0,0,0,0,0,0,0,0,0,0,96.82,545,160,18,380,382.54,0.67%
0.44,0.25,3.8,0.68,0.56,0.02,0.02,0,0,0,0,0,0,0,0,0,0,94.23,500,25,0,414,411.15,0.69%
0.055,0.061,2.35,0.0076,1.94,0.0051,7.76,0,0,0.12,0,0,0,0,0,0,0,87.7013,477,160,0.17,542.1,538.22,0.72%
1,0.25,0.1,0.6,0.6,0,0,0,0,0,0,0,0,0,0,0,0,97.45,505,170,6,310,307.70,0.74%
0.18,0.11,0.33,0.32,1.98,0,5.7,0,0,0.1,0,0,0,0.25,0,0,0,91.03,470,120,20,547.7,543.62,0.74%
0.055,0.061,2.35,0.0076,1.94,0.0051,7.76,0,0,0.12,0,0,0,0,0,0,0,87.7013,477,160,16,572.9,568.60,0.75%
0.055,0.061,2.35,0.0076,1.94,0.0051,7.76,0,0,0.12,0,0,0,0,0,0,0,87.7013,477,160,7,607.4,602.84,0.75%
0.4,0.5,1.6,0.3,2.5,0.23,5.6,0,0.2,0,0,0,0,0,0,0,0,88.67,480,120,24,525,529.00,0.76%
0.4,0.5,1.6,0.3,2.5,0.23,5.6,0,0.2,0,0,0,0,0,0,0,0,88.67,480,120,24,525,529.00,0.76%
0,0,1.22,0,0.63,0,0.92,0,0,0.1,2.57,0,0,0,0,0,0,94.56,525,25,1440,380,382.94,0.77%
0,0,0.21,0,2.6,0,6.84,0,0,0.18,0,0,0,0.37,0,0,0,89.8,470,25,0,478,474.22,0.79%
0.8,0,4.4,0.75,0.7,0,0,0,0,0,0,0,0,0,0,0,0,93.35,505,25,48,443,439.47,0.80%
0.055,0.061,2.35,0.0076,1.94,0.0051,7.76,0,0,0.12,0,0,0,0,0,0,0,87.7013,477,160,9,604.8,609.65,0.80%
0.01,0.02,1.39,0,1.58,0,7.55,0,0,0.12,0,0,0,0,0,0,0,89.33,475,160,6,563.5,568.05,0.81%
0.01,0.02,1.39,0,1.58,0,7.55,0,0,0.12,0,0,0,0,0,0,0,89.33,475,140,48,551.6,556.10,0.82%
1.35,0.5,0.95,0.85,1.1,0.4,0.25,0,0.2,0,0,0,0,0,0,0,0,94.4,530,175,8,360,357.04,0.82%
0,0,1.24,0,0.7,0,0,0,0,0.12,2.49,0,0,0,0,0,0,95.45,530,170,8,449,452.70,0.82%
0.18,0.11,0.33,0.32,1.98,0,5.7,0,0,0.1,0,0,0,0.25,0,0,0,91.03,480,120,24,543,538.41,0.84%
0.2,0.57,1.76,0.15,3.64,0.5,6.04,0,0,0,0,0,0,0,0,0,0,87.14,490,25,0,500,504.25,0.85%
0,0,6.3,0.3,0,0,0,0.1,0.06,0.18,0,0,0,0,0,0,0,93.06,535,165,24,475,470.93,0.86%
0,0,6,0,0,0,0,0,0,0.17,2.54,0,0,0,0,0,0,91.29,510,150,50,554,549.18,0.87%
0.055,0.061,2.35,0.0076,1.94,0.0051,7.76,0,0,0.12,0,0,0,0,0,0,0,87.7013,477,120,7,585.2,579.91,0.90%
0,0,2.6,0,0.35,0,0,0,0,0,0,0,0,0,0,0,0,97.05,500,170,10,295,297.75,0.93%
0,0,4.5,0.6,1.5,0,0,0,0,0,0,0,0,0,0,0,0,93.4,495,160,16,475,479.51,0.95%
0.055,0.061,2.35,0.0076,1.94,0.0051,7.76,0,0,0.12,0,0,0,0,0,0,0,87.7013,477,120,40,614.6,608.45,1.00%
0.18,0.11,0.33,0.32,1.98,0,5.7,0,0,0.1,0,0,0,0.25,0,0,0,91.03,470,100,24,530.8,525.44,1.01%
0.04,0.08,1.21,0.26,2.6,0,6.87,0,0.03,0,0,0,0.001,0,0,0,0,88.909,488,121,24,580.5,586.40,1.02%
0.3,0.5,1.6,0.3,2.5,0.23,5.6,0,0.2,0,0,0,0,0,0,0,0,88.77,480,25,720,530,524.57,1.02%
0.5,0.5,2.6,0.25,0.45,0.1,0.25,0,0.15,0,0,0,0,0,0,0,0,95.2,500,25,0,315,311.75,1.03%
0.01,0.02,1.39,0,1.58,0,7.55,0,0,0.12,0,0,0,0,0,0,0,89.33,475,140,64,543.3,548.92,1.04%
1,0.5,0.1,0.6,0.6,0,0.2,0,0.2,0,0,0,0,0,0,0,0,96.8,505,170,6,310,313.23,1.04%
0,0,4.5,0.6,1.5,0,0,0,0,0,0,0,0,0,0,0,0,93.4,495,25,48,472.5,477.45,1.05%
0.08,0.16,0.34,0.33,1.91,0,5.39,0,0,0,0,0,0,0,0,0,0,91.79,470,25,0,328,331.47,1.06%
0.85,0.7,4.45,0.8,0.5,0.1,0.25,0,0.15,0.05,0,0,0,0,0,0,0,92.15,500,175,8,470,474.97,1.06%
0.18,0.11,0.33,0.32,1.98,0,5.7,0,0,0.1,0,0,0,0.25,0,0,0,91.03,470,120,16,543.6,537.81,1.06%
0.15,0.26,1.5,0,2.4,0,5.7,0,0,0,0,0,0,0,0,0,0,89.99,480,140,96,543.2,537.41,1.07%
0.18,0.11,0.33,0.32,1.98,0,5.7,0,0,0.1,0,0,0,0.25,0,0,0,91.03,470,120,1,428.2,423.37,1.13%
0.85,0.7,4.45,0.8,0.5,0.1,0.25,0,0.15,0.05,0,0,0,0,0,0,0,92.15,500,230,0.5,440,435.01,1.13%
0.85,0.7,4.45,0.8,0.5,0.1,0.25,0,0.15,0.05,0,0,0,0,0,0,0,92.15,500,205,2,440,435.01,1.13%
0.01,0.02,1.39,0,1.58,0,7.55,0,0,0.12,0,0,0,0,0,0,0,89.33,475,140,14,584,577.35,1.14%
0.04,0.08,1.22,0.39,2.61,0,6.76,0,0.02,0,0,0,0.001,0,0,0,0,88.879,488,121,24,589.5,582.76,1.14%
0.4,0.35,0.1,0.1,0.675,0.1,0.1,0,0.1,0,0,0,0,0,0,0,0,98.075,520,175,8,241,243.80,1.16%
0.055,0.061,2.35,0.0076,1.94,0.0051,7.76,0,0,0.12,0,0,0,0,0,0,0,87.7013,477,120,48,598.3,605.27,1.16%
0.03,0.06,1.18,0,2.46,0,6.72,0,0.05,0.18,0,0,0.002,0,0,0,0,89.318,488,121,24,628.8,621.47,1.17%
0.85,0.7,4.45,0.8,0.5,0.1,0.25,0,0.15,0.05,0,0,0,0,0,0,0,92.15,500,135,120,475,469.21,1.22%
0.055,0.061,2.35,0.0076,1.94,0.0051,7.76,0,0,0.12,0,0,0,0,0,0,0,87.7013,477,160,60,489.6,483.61,1.22%
0.3,0.4,4.37,0.6,1.29,0.05,0.075,0,0.009,0,0,0,0,0,0,0,0,92.906,495,190,12,500,493.69,1.26%
0.055,0.061,2.35,0.0076,1.94,0.0051,7.76,0,0,0.12,0,0,0,0,0,0,0,87.7013,477,120,16,586.8,594.26,1.27%
0.4,0.35,0.1,0.1,0.675,0.1,0.1,0,0.1,0,0,0,0,0,0,0,0,98.075,525,175,96,238.4,235.33,1.29%
0.95,0.65,2.2,0.6,0.6,0,0.3,0,0.15,0,0,0.1,0,0,0,0,0,94.45,512.2,155,9,380,384.95,1.30%
0.85,0.7,4.45,0.8,0.5,0.1,0.25,0,0.15,0.05,0,0,0,0,0,0,0,92.15,500,260,0.1,420,414.51,1.31%
0,0,1.07,0,1.07,0,3.4,0,0,0.1,1.8,0,0,0,0,0,0,92.56,530,170,24,484,477.65,1.31%
0.035,0.071,0.768,0,1.58,0,7.9,0,0,0.142,0,0,0,0,0,0,0,89.504,470,120,24,571,578.55,1.32%
1,0,0,0.6,0.6,0,0,0,0,0,0,0,0,0,0,0,0,97.8,505,170,6,310,314.16,1.34%
0,0,6.3,0.3,0,0,0,0.1,0.06,0.18,0,0,0,0,0,0,0,93.06,535,175,18,455,448.86,1.35%
0,0,1.24,0,0.7,0,0,0,0,0.12,2.49,0,0,0,0,0,0,95.45,530,185,24,467,473.40,1.37%
0,0,1.24,0,0.7,0,0,0,0,0.12,2.49,0,0,0,0,0,0,95.45,530,170,2,433,426.95,1.40%
0.055,0.061,2.35,0.0076,1.94,0.0051,7.76,0,0,0.12,0,0,0,0,0,0,0,87.7013,477,160,32,535.9,528.41,1.40%
0.05,0.05,1.02,0.31,1.62,0,3.94,0,0,0.12,0,0,0,0,0,0,0,92.89,525,100,76,398,403.58,1.40%
0.3,0.4,0.1,0.25,2.8,0.2,4,0,0.1,0,0,0,0,0,0,0,0,91.85,495,120,22,410,404.06,1.45%
0.18,1.1,2.3,0,1.6,0,0,0,0.07,0,0,1,0,0,0,0,0,93.75,530,200,20,440,433.56,1.46%
1.18,0.191,1.13,0,1.58,0.169,0,0.151,0.032,0,0,0,0,0,0,0,0,95.567,550,170,24,419,425.31,1.51%
0.08,0.16,4.35,0.6,1.5,0,0,0,0,0,0,0,0,0,0,0,0,93.31,495,25,0,450,456.80,1.51%
0,0,0.75,0,1.76,0,2.22,0,0,0.12,2.59,0,0,0,0,0,0,92.56,530,170,1,450,443.06,1.54%
0,0,0.22,0,2.46,0,6.8,0,0,0,0,0,0,0,0,0,0,90.52,470,120,24,568.5,559.67,1.55%
0.85,0.5,0.4,0.25,0.675,0,0.2,0,0.15,0,0,0,0,0,0,0,0,96.975,507.5,157.5,11.5,295,299.58,1.55%
0.8,0,4.5,0.8,0.5,0,0,0,0,0,0,0,0,0,0,0,0,93.4,505,25,48,430,436.76,1.57%
0.01,0.02,1.42,0.01,2.19,0.19,5.37,0,0.01,0,0,0,0,0,0,0,0,90.78,470,175,24,440,433.06,1.58%
0.4,0.35,0.1,0.1,0.675,0.1,0.1,0,0.1,0,0,0,0,0,0,0,0,98.075,520,175,8,240,243.80,1.58%
0.05,0.06,1.2,0,2.38,0,6.64,0,0.03,0,0,0,0,0,0,0,0,89.64,488,121,24,561.9,570.84,1.59%
0,0,5.5,0,0,0,0,0,0,0,0,0,0,0,0,0.4,0.4,93.7,525,160,14,380,373.91,1.60%
0.05,0.05,1.02,0.33,1.43,0,3.56,0,0,0.12,2.12,0,0,0,0,0,0,91.32,525,160,46,502,493.91,1.61%
0.1,0.2,4.2,0.91,1.4,0,0.03,0,0,0,0,0,0,0,0,0,0,93.16,540,25,300,462,469.55,1.63%
0.5,0.5,4.5,0.58,1.5,0.01,0.25,0,0.15,0,0,0,0,0,0,0,0,92.01,500,180,48,423.6,430.52,1.63%
0.055,0.061,2.35,0.0076,1.94,0.0051,7.76,0,0,0.12,0,0,0,0,0,0,0,87.7013,477,160,48,504.5,496.23,1.64%
0.01,0.01,4.3,0,0,0,0,0,0,0.14,1.18,0,0,0,0,0,0,94.36,530,25,0,389,382.53,1.66%
0,0,0.19,0,2.49,0,6.72,0,0,0.16,0,0,0,0.1,0,0,0,90.34,470,120,24,629.4,618.78,1.69%
0.18,0.11,0.33,0.32,1.98,0,5.7,0,0,0.1,0,0,0,0.25,0,0,0,91.03,470,110,24,544,534.76,1.70%
0.05,0.05,2.4,0,2.6,0,8.6,0,0,0,0,0,0,0,0,0,0,86.3,455,121,24,672,660.34,1.74%
0.85,1,4.45,0.8,0.05,0.1,0.25,0,0.15,0,0,0,0,0,0,0,0,92.35,515,170,10,400,407.04,1.76%
0,0,3.7,0.3,0.37,0,0.5,0,0,0.14,1.5,0,0,0,0,0,0,93.49,520,180,10,489,480.35,1.77%
0,0,3.7,0.3,0.37,0,0.5,0,0,0.14,1.5,0,0,0,0,0,0,93.49,520,180,20,511,501.88,1.78%
0.04,0.05,4.01,0,0,0,0,0,0,0.16,1.24,0,0,0,0,0,0,94.5,530,160,150,515,524.39,1.82%
0,0,1.22,0,0.63,0,0.92,0,0,0.1,2.57,0,0,0,0,0,0,94.56,525,25,0,369,375.76,1.83%
0,0,0.19,0,2.55,0,6.98,0,0,0.29,0,0,0,0.27,0,0,0,89.72,470,120,32,632,620.09,1.88%
0.04,0.07,1.23,0.1,2.41,0,6.54,0,0.02,0,0,0,0.001,0,0,0,0,89.589,488,121,24,568.1,578.85,1.89%
0.62,0.33,0.28,0.06,0.9,0.17,0.02,0,0.02,0,0,0,0,0,0,0,0,97.6,530,160,18,340,346.45,1.90%
0.4,0.35,0.1,0.1,0.675,0.1,0.1,0,0.1,0,0,0,0,0,0,0,0,98.075,520,25,0,172,168.74,1.90%
0,0,4.17,0,0.41,0,0,0,0,0.12,1.1,0,0,0,0,0,0,94.2,500,25,0,486,476.76,1.90%
0.81,0.27,4.27,0.74,0.52,0.02,0.09,0,0.02,0,0,0,0,0,0,0,0,93.26,500,170,12,425,433.18,1.92%
0,0,1.07,0,1.07,0,3.4,0,0,0.1,1.8,0,0,0,0,0,0,92.56,530,170,2,419,410.87,1.94%
0.01,0.02,1.39,0,1.58,0,7.55,0,0,0.12,0,0,0,0,0,0,0,89.33,475,100,44,601.8,589.82,1.99%
0,0,4.6,0.35,0.35,0,0,0,2.5,0,0,0,0,0,0.7,0,0,91.5,512.5,155,20,450,440.95,2.01%
0.055,0.061,2.35,0.0076,1.94,0.0051,7.76,0,0,0.12,0,0,0,0,0,0,0,87.7013,477,120,60,606.2,593.85,2.04%
0.055,0.061,2.35,0.0076,1.94,0.0051,7.76,0,0,0.12,0,0,0,0,0,0,0,87.7013,477,120,12,579.5,591.39,2.05%
0.5,0.5,4.5,0.58,1.5,0.01,0.25,0,0.15,0,0,0,0,0,0,0,0,92.01,500,25,0,411.7,420.16,2.06%
0.85,0.7,4.45,0.8,0.5,0.1,0.25,0,0.15,0,0,0,0,0,0,0,0,92.2,500,160,18,440,430.90,2.07%
0,0,2,0,2.8,0.23,6.8,0,0,0,0,0,0,0,0,0,0,88.17,468,121,24,605,592.23,2.11%
0.85,0.7,4.45,0.8,0.5,0.1,0.25,0,0.15,0.05,0,0,0,0,0,0,0,92.15,500,150,30,475,485.36,2.18%
0.04,0.05,4.22,0,0.54,0,0,0,0,0.16,1.31,0,0,0,0,0,0,93.68,530,25,0,402,410.79,2.19%
0.2,0.3,6.3,0.3,0.02,0,0.1,0.1,0.06,0.175,0,0,0,0,0,0,0,92.445,535,25,0,359,351.15,2.19%
0.18,0.11,0.33,0.32,1.98,0,5.7,0,0,0.1,0,0,0,0.25,0,0,0,91.03,470,120,24,555,542.81,2.20%
0.9,1,4,0.2,1.5,0.1,0.25,0,0,0,0,2,0,0,0,0,0,90.05,510,170,10,406,396.92,2.24%
0.02,0.06,1.55,0,2.3,0,6.3,0,0,0.14,0,0,0,0.25,0,0,0,89.38,465,120,24,588,601.24,2.25%
0.8,0,4.4,0.8,0,0,0,0,0,0,0,0,0,0,0,0,0,94,515,170,10,400,409.22,2.30%
0,0,0.22,0,2.49,0,7.11,0,0,0.4,0,0,0,0.22,0,0,0,89.56,470,120,48,653.8,638.67,2.31%
0,0,4.09,0,0.7,0,0.39,0,0,0.14,0.98,0,0,0,0,0,0,93.7,500,25,0,507,495.18,2.33%
0,0,2.24,0,1.95,0,7.82,0,0,0.16,0,0,0,0,0,0,0,87.83,470,120,24,654,638.75,2.33%
0,0,3.7,0.3,0.37,0,0.5,0,0,0.14,1.5,0,0,0,0,0,0,93.49,520,180,5,470,458.91,2.36%
0.02,0.04,1.79,0,1.5,0,7.41,0,0.04,0.09,0,0,0,0,0,0,0,89.11,480,90,40,555,541.89,2.36%
0.02,0.04,1.79,0,1.5,0,7.41,0,0.04,0.09,0,0,0,0,0,0,0,89.11,480,90,40,555,541.89,2.36%
0,0,3.7,0.3,0.37,0,0.5,0,0,0.14,1.5,0,0,0,0,0,0,93.49,520,180,15,506,493.93,2.39%
0.01,0.08,5.64,0.33,0.23,0,0,0.09,0.11,0.15,0,0,0,0,0,0,0,93.36,530,190,3,425.7,415.33,2.44%
0,0,0.22,0,2.49,0,7.11,0,0,0.4,0,0,0,0.22,0,0,0,89.56,470,120,32,667,650.74,2.44%
0.85,0.7,4.45,0.8,0.5,0.1,0.25,0,0.15,0.05,0,0,0,0,0,0,0,92.15,500,177,18,457,468.15,2.44%
0.5,0.5,4.35,0.6,1.5,0.1,0.25,0,0.15,0.05,0,0,0,0,0,0,0,92,495,150,1000,488,476.04,2.45%
0,0,1.24,0,0.7,0,0,0,0,0.12,2.49,0,0,0,0,0,0,95.45,530,170,48,478,466.25,2.46%
0.8,0,4.5,0.8,0.5,0,0,0,0,0,0,0,0,0,0,0,0,93.4,505,177,18,509,496.44,2.47%
1.35,0.25,0.275,0.7,0.85,0,0,0,0,0,0,0,0,0,0,0,0,96.575,545,160,18,379,369.57,2.49%
0.85,0.7,4.45,0.8,0.5,0.1,0.25,0,0.15,0.05,0,0,0,0,0,0,0,92.15,500,190,3,455,466.34,2.49%
0,0,1.24,0,0.7,0,0,0,0,0.12,2.49,0,0,0,0,0,0,95.45,530,185,16,464,475.70,2.52%
0.4,0.35,0.1,0.1,0.675,0.1,0.1,0,0.1,0,0,0,0,0,0,0,0,98.075,525,175,16,281.2,274.11,2.52%
0.055,0.061,2.35,0.0076,1.94,0.0051,7.76,0,0,0.12,0,0,0,0,0,0,0,87.7013,477,120,32,584.2,598.95,2.52%
0.4,0.5,1.6,0.3,2.5,0.23,5.6,0,0.2,0.05,0,0,0,0,0,0,0,88.62,490,120,24,572,557.50,2.53%
0,0,2.88,0,0,0,0,0,0,0.16,2.52,0,0,0,0,0,0,94.44,510,150,32,605,589.62,2.54%
0.29,0.42,4.2,0.63,1.26,0,0,0,0,0,0,0,0,0,0,0,0,93.2,500,25,72,552,537.94,2.55%
1.35,0.5,0.275,0.7,0.85,0.1,0.25,0,0.15,0,0,0,0,0,0,0,0,95.825,545,25,0,317,325.14,2.57%
0.8,0,4.4,0.75,0.7,0,0,0,0,0,0,0,0,0,0,0,0,93.35,505,172.5,12.5,476,463.67,2.59%
0,0,1.24,0,0.7,0,0,0,0,0.12,2.49,0,0,0,0,0,0,95.45,530,185,96,432,443.20,2.59%
0.84,0.37,0.32,0.18,0.6,0,0,0,0,0,0,0,0,0,0,0,0,97.69,517,152,12,315,306.81,2.60%
0,0,4.09,0,0.7,0,0.39,0,0,0.14,0.98,0,0,0,0,0,0,93.7,500,175,32,602,586.35,2.60%
0.01,0.02,1.39,0,1.58,0,7.55,0,0,0.12,0,0,0,0,0,0,0,89.33,475,100,52,601.7,585.89,2.63%
0.8,0,4.5,0.8,0.5,0,0,0,0,0,0,0,0,0,0,0,0,93.4,505,172.5,12.5,485,472.21,2.64%
0,0,2.24,0,1.95,0,7.82,0,0,0.16,0,0,0,0,0,0,0,87.83,470,150,30,585,600.62,2.67%
0.055,0.061,2.35,0.0076,1.94,0.0051,7.76,0,0,0.12,0,0,0,0,0,0,0,87.7013,477,120,0.5,542.2,527.69,2.68%
0,0,0.19,0,2.49,0,6.72,0,0,0.16,0,0,0,0.1,0,0,0,90.34,470,25,0,454.8,467.17,2.72%
0.05,0.05,2.4,0,2.6,0,8.6,0,0,0,0,0.1,0,0,0,0,0,86.2,455,121,24,679,660.34,2.75%
0.082,0.35,0.12,0.3,2.3,0,5.2,0,0,0.13,0,0,0,0,0,0,0,91.518,470,120,0.5,431,419.10,2.76%
0.5,0.5,4.35,0.6,1.5,0.1,0.25,0,0.15,0,0,0,0,0,0,0,0,92.05,495,190,12,435,447.02,2.76%
0.5,0.5,4.35,0.6,1.5,0.1,0.25,0,0.15,0,0,0,0,0,0,0,0,92.05,495,190,12,435,447.02,2.76%
0.055,0.061,2.35,0.0076,1.94,0.0051,7.76,0,0,0.12,0,0,0,0,0,0,0,87.7013,477,120,0.17,542.8,527.69,2.78%
0,0,0.19,0,2.49,0,6.72,0,0,0.16,0,0,0,0.1,0,0,0,90.34,470,120,48,621.3,603.80,2.82%
0.5,0.5,4.35,0.6,1.5,0.1,0.25,0,0.15,0,0,0,0,0,0,0,0,92.05,495,190,12,460,447.02,2.82%
1,0.5,0.1,0.6,0.6,0,0.2,0,0.2,0,0,0,0,0,0,0,0,96.8,505,25,0,248,255.05,2.84%
0,0,1.24,0,0.7,0,0,0,0,0.12,2.49,0,0,0,0,0,0,95.45,530,185,4,449,436.21,2.85%
0,0,1.24,0,0.7,0,0,0,0,0.12,2.49,0,0,0,0,0,0,95.45,530,170,24,463,476.29,2.87%
0,0,4.12,0,0.37,0,0.41,0,0,0.11,1.05,0,0,0,0,0,0,93.94,500,25,0,489,474.87,2.89%
0.18,0.11,0.33,0.32,1.98,0,5.7,0,0,0.1,0,0,0,0.25,0,0,0,91.03,470,130,24,527.8,543.21,2.92%
0.04,0.3,4.65,0.9,1.65,0,0.01,0,0,0,0,0,0,0,0,0,0,92.45,490,120,18,491,505.35,2.92%
0,0,0,0,0,0,0,0,0,0.17,2.5,0,0,0,0,0,0,97.33,510,150,16,474,460.14,2.92%
0.4,0.5,1.6,0.3,2.5,0.23,5.6,0,0.2,0,0,0,0,0,0,0,0,88.67,480,120,24,545,529.00,2.94%
0.5,0.5,4.5,0.58,1.5,0.01,0.25,0,0.15,0,0,0,0,0,0,0,0,92.01,500,180,6,473,459.03,2.95%
0,0,1,0,0,0,0,0,0,0.17,2.5,0,0,0,0,0,0,96.33,510,150,24,563.8,546.95,2.99%
0,0,0.22,0,2.49,0,7.11,0,0,0.4,0,0,0,0.22,0,0,0,89.56,470,120,24,667,646.85,3.02%
0.9,0.7,4.35,0.7,0.6,0,0.3,0,0.15,0,0,0.1,0,0,0,0,0,92.2,502,155,9.5,430,416.96,3.03%
0.05,0.05,0.98,0.32,1.45,0,2.88,0,0,0.11,1.81,0,0,0,0,0,0,92.35,525,160,40,458,471.96,3.05%
0.4,0.7,5.5,0,0,0,0.3,0,0,0,0,0,0,0,0,0.4,0.4,92.3,525,160,14,380,367.96,3.17%
0,0,1.24,0,0.7,0,0,0,0,0.12,2.49,0,0,0,0,0,0,95.45,530,170,4,441,426.95,3.19%
0,0,4.4,0.6,1.5,0,0,0,0,0,0,0,0,0,0,0,0,93.5,495,190,12,472,487.05,3.19%
0,0,0.21,0,2.6,0,6.84,0,0,0.18,0,0,0,0.37,0,0,0,89.8,470,120,32,650,629.27,3.19%
0.01,0.02,1.39,0,1.58,0,7.55,0,0,0.12,0,0,0,0,0,0,0,89.33,475,100,28,599.8,580.40,3.23%
0.5,0.5,4.35,0.6,1.5,0.1,0.25,0,0.15,0,0,0,0,0,0,0,0,92.05,495,25,0,420,433.62,3.24%
0.56,0.22,0.24,0.02,1.01,0.06,0.01,0,0,0,0,0,0,0,0,0,0,97.88,530,100,48,287.7,297.10,3.27%
0.01,0.02,1.39,0,1.58,0,7.55,0,0,0.12,0,0,0,0,0,0,0,89.33,475,100,20,594.4,574.93,3.28%
0.25,0.35,1.55,0.2,2.45,0.16,7.7,0,0.1,0,0,0,0,0,0,0,0,87.24,480,177,9,487,502.98,3.28%
0.15,0.26,1.5,0,2.4,0,5.7,0,0,0,0,0,0,0,0,0,0,89.99,480,140,12,543.9,526.03,3.29%
0.2,0.5,4.1,0.6,1.2,0.1,0.1,0,0,0,0,0,0,0,0,0,0,93.2,500,100,10,528,510.63,3.29%
0.01,0.02,1.39,0,1.58,0,7.55,0,0,0.12,0,0,0,0,0,0,0,89.33,475,100,36,602,582.02,3.32%
0.055,0.061,2.35,0.0076,1.94,0.0051,7.76,0,0,0.12,0,0,0,0,0,0,0,87.7013,477,120,24,584.7,604.24,3.34%
0.16,0.11,2.42,0.1,2.07,0,5.87,0,0.05,0.1,0,0,0,0,0,0,0,89.12,473,120,24,579,559.64,3.34%
0,0,0.75,0,1.76,0,2.22,0,0,0.12,2.59,0,0,0,0,0,0,92.56,530,170,32,527,509.24,3.37%
0.4,0.5,2,0.3,2.75,0.23,6.8,0,0.2,0,0,0,0,0,0,0,0,86.82,468,121,24,605,584.50,3.39%
0.2,0.3,6.3,0.3,0.02,0,0.1,0.1,0.08,0.175,0,0,0,0,0,0,0,92.425,535,165,24,440,425.09,3.39%
0.05,0.06,1.39,0,2.6,0.11,6.97,0,0.03,0,0,0,0.002,0,0,0,0,88.788,488,121,24,624.7,603.51,3.39%
0.01,0.02,1.39,0,1.58,0,7.55,0,0,0.12,0,0,0,0,0,0,0,89.33,475,100,88,604.7,584.07,3.41%
0.5,0.5,4.35,0.6,1.5,0.1,0.25,0,0.15,0.05,0,0,0,0,0,0,0,92,495,160,90,502,484.74,3.44%
0.03,0.08,1.18,0.51,2.41,0.1,6.57,0,0.05,0.16,0,0,0.001,0,0,0,0,88.909,488,121,24,644,621.71,3.46%
0.6,0.4,0.3,0.12,1.01,0.2,0.18,0,0,0,0,0,0,0,0,0,0,97.19,500,190,4,292,302.13,3.47%
0.5,0.5,4.5,0.58,1.5,0.01,0.25,0,0.15,0,0,0,0,0,0,0,0,92.01,500,180,2,457.8,441.78,3.50%
0,0,1,0,0,0,0,0,0,0.17,2.5,0,0,0,0,0,0,96.33,510,150,16,563,543.27,3.50%
0,0,1.6,0,2.5,0.25,5.6,0,0,0,0,0,0,0,0,0,0,90.05,460,25,0,570,550.01,3.51%
0.01,0.02,1.39,0,1.58,0,7.55,0,0,0.12,0,0,0,0,0,0,0,89.33,475,160,48,448.5,464.32,3.53%
0,0,0.75,0,1.76,0,2.22,0,0,0.12,2.59,0,0,0,0,0,0,92.56,530,170,24,514,495.87,3.53%
0,0,0.75,0,1.76,0,2.22,0,0,0.12,2.59,0,0,0,0,0,0,92.56,530,170,72,529,509.93,3.61%
0,0,1.07,0,1.07,0,3.4,0,0,0.1,1.8,0,0,0,0,0,0,92.56,530,185,2,459,442.45,3.61%
0.5,0.5,4.5,0.58,1.5,0.01,0.25,0,0.15,0,0,0,0,0,0,0,0,92.01,500,180,16,482.2,464.59,3.65%
0.01,0.02,1.39,0,1.58,0,7.55,0,0,0.12,0,0,0,0,0,0,0,89.33,475,100,64,604.4,582.24,3.67%
0.15,0.26,1.5,0,2.4,0,5.7,0,0,0,0,0,0,0,0,0,0,89.99,480,140,16,566.5,545.68,3.68%
0.01,0.08,5.64,0.33,0.23,0,0,0.09,0.11,0.15,0,0,0,0,0,0,0,93.36,530,190,20,410.7,425.89,3.70%
0.055,0.061,2.35,0.0076,1.94,0.0051,7.76,0,0,0.12,0,0,0,0,0,0,0,87.7013,477,120,0.25,548,527.69,3.71%
0.02,0.04,1.79,0,1.5,0,7.41,0,0.04,0.09,0,0,0,0,0,0,0,89.11,480,90,1,475,457.27,3.73%
0.02,0.04,1.79,0,1.5,0,7.41,0,0.04,0.09,0,0,0,0,0,0,0,89.11,480,90,1,475,457.27,3.73%
0.055,0.061,2.35,0.0076,1.94,0.0051,7.76,0,0,0.12,0,0,0,0,0,0,0,87.7013,477,160,0.25,559.1,538.22,3.73%
0,0,2.24,0,1.93,0,7.81,0,0,0.16,0,0,0,0.25,0,0,0,87.61,470,150,30,628,604.12,3.80%
0.05,0.07,1.22,0,2.56,0,6.87,0,0.04,0.08,0,0,0.002,0,0,0,0,89.108,488,121,24,626,602.17,3.81%
1.35,0.5,0.275,0.7,0.85,0.1,0.25,0,0.15,0,0,0,0,0,0,0,0,95.825,545,160,18,380,394.47,3.81%
0,0,0.17,0,2.58,0,6.94,0,0,0,0,0,0,0.48,0,0,0,89.83,470,25,0,445,428.05,3.81%
0,0,0.75,0,1.76,0,2.22,0,0,0.12,2.59,0,0,0,0,0,0,92.56,530,185,48,517,497.30,3.81%
0,0,2.6,0.25,0.45,0,0,0,0,0,0,0,0,0,0,0,0,96.7,500,170,10,340,327.01,3.82%
0.055,0.061,2.35,0.0076,1.94,0.0051,7.76,0,0,0.12,0,0,0,0,0,0,0,87.7013,477,160,72,474.2,492.32,3.82%
0.082,0.35,0.12,0.3,2.3,0,5.2,0,0,0.13,0,0,0,0,0,0,0,91.518,470,120,120,431,447.53,3.83%
0.04,0.07,1.19,0,2.42,0.04,6.9,0,0.04,0.08,0,0,0.002,0,0,0,0,89.218,488,121,24,625.4,601.06,3.89%
0.4,0.5,1.6,0.3,2.5,0.23,5.6,0,0.2,0.05,0,0,0,0,0,0,0,88.62,490,177,9,503,483.34,3.91%
0.01,0.02,1.39,0,1.58,0,7.55,0,0,0.12,0,0,0,0,0,0,0,89.33,475,100,14,588.8,565.61,3.94%
1,0.25,0.1,0.6,0.6,0,0,0,0,0,0,0,0,0,0,0,0,97.45,505,170,6,296,307.70,3.95%
0.02,0.04,1.79,0,1.5,0,7.41,0,0.04,0.09,0,0,0,0,0,0,0,89.11,480,150,1,500,480.22,3.96%
0.02,0.04,1.79,0,1.5,0,7.41,0,0.04,0.09,0,0,0,0,0,0,0,89.11,480,150,1,500,480.22,3.96%
0.8,0.456,0.321,0.212,0.91,0.021,0.178,0,0,0,0,0,0,0,0,0,0,97.102,500,200,18,316,303.49,3.96%
0,0,3.7,0.3,0.37,0,0.5,0,0,0.14,1.5,0,0,0,0,0,0,93.49,520,165,60,493,512.55,3.97%
0.49,0.24,0.31,0.01,1.01,0.055,0.05,0.01,0,0,0,0.06,0,0,0,0,0,97.765,530,25,0,257,267.24,3.98%
0.2,0.5,4.1,0.6,1.2,0.1,0.1,0,0,0,0,0,0,0,0,0,0,93.2,500,25,0,532,510.54,4.03%
0.43,0.31,0.31,0.05,0.94,0.13,0.2,0,0.03,0,0,0,0,0,0,0,0,97.6,520,165,20,323,336.12,4.06%
0.18,0.11,0.33,0.32,1.98,0,5.7,0,0,0.1,0,0,0,0.25,0,0,0,91.03,470,120,8,515.8,494.75,4.08%
1.35,0.5,0.275,0.7,0.85,0.1,0.25,0,0.15,0,0,0,0,0,0,0,0,95.825,545,160,18,379,394.47,4.08%
0.05,0.15,5.8,0.28,0.22,0,0,0,0.05,0.2,0,0,0,0,0,0,0,93.25,530,165,15,485,465.20,4.08%
0.55,0.47,0.28,0,0.98,0.19,0.19,0,0,0,0,0,0,0,0,0,0,97.34,490,180,6,360,374.84,4.12%
0.01,0.08,5.64,0.33,0.23,0,0,0.09,0.11,0.15,0,0,0,0,0,0,0,93.36,530,190,50,393.7,410.04,4.15%
0.14,0,3.6,0.52,2.3,0,0,0,0,0,1.6,0,0,0,0,0,0,91.84,497,187,16,345,359.39,4.17%
0.16,0.28,4.52,0.58,1.62,0,0.2,0,0.1,0,0,0.1,0,0,0,0,0,92.44,495,160,3,411,428.18,4.18%
0.5,0.5,4.35,0.6,1.5,0.1,0.25,0,0.15,0.05,0,0,0,0,0,0,0,92,495,130,1000,505,483.74,4.21%
0.5,0.5,1.7,0.4,2.3,0.175,6,0,0.1,0,0,0,0,0,0,0,0,88.325,470,137.5,16,480,500.30,4.23%
0.85,0.7,4.45,0.8,0.5,0.1,0.25,0,0.15,0,0,0,0,0,0,0,0,92.2,500,160,18,450,430.90,4.24%
0,0,0.75,0,1.76,0,2.22,0,0,0.12,2.59,0,0,0,0,0,0,92.56,530,170,8,502,480.66,4.25%
0.8,0,4.4,0.8,0.4,0,0,0,0,0,0,0,0,0,0,0,0,93.6,505,172.5,12.5,485,464.07,4.31%
1.35,0.25,0.95,0.85,1.1,0,0,0,0,0,0,0,0,0,0,0,0,95.5,530,175,8,382,365.42,4.34%
0.01,0.02,1.39,0,1.58,0,7.55,0,0,0.12,0,0,0,0,0,0,0,89.33,475,160,18,502.9,524.74,4.34%
0,0,2.24,0,1.93,0,7.81,0,0,0.16,0,0,0,0.25,0,0,0,87.61,470,150,8,648,619.81,4.35%
0.4,0.35,0.1,0.1,0.675,0.1,0.1,0,0.1,0,0,0,0,0,0,0,0,98.075,520,175,8,255,243.80,4.39%
0.8,0.456,0.321,0.212,0.91,0.021,0.178,0,0,0,0,0,0,0,0,0,0,97.102,500,200,0.25,260,271.43,4.39%
0.2,0.3,6.3,0.3,0.02,0,0.1,0.1,0.06,0.175,0,0,0,0,0,0,0,92.445,535,190,26,388,405.25,4.45%
0.4,0.35,0.1,0.1,0.675,0.1,0.1,0,0.1,0,0,0,0,0,0,0,0,98.075,525,175,12,249.6,260.76,4.47%
0.6,0.7,0.275,0.15,1,0.195,0.25,0,0.15,0,0,0,0,0,0,0,0,96.68,530,175,8,325,310.27,4.53%
0.04,0.06,1.39,0,2.61,0.12,7.11,0,0.03,0,0,0,0,0,0,0,0,88.64,488,121,24,641.9,612.55,4.57%
0.175,1.1,2.3,0,1.55,0,0.1,0,0.07,0,0,1.05,0,0,0,0,0,93.655,530,200,20,441,420.49,4.65%
0,0,10,0,0.25,0,0,0,0,0,0,0,0,0,0,0,0,89.75,510,155,11,285,298.28,4.66%
0.01,0.08,5.64,0.33,0.23,0,0,0.09,0.11,0.15,0,0,0,0,0,0,0,93.36,530,190,12,408.8,427.85,4.66%
0,0,4.25,0.39,0.37,0,0.61,0,0,0.12,1.01,0,0,0.28,0,0,0,92.97,520,180,24,533,508.12,4.67%
0.6,0.7,0.275,0.15,1,0.195,0.25,0,0.15,0,0,0,0,0,0,0,0,96.68,530,25,0,241,252.37,4.72%
0.01,0.02,1.39,0,1.58,0,7.55,0,0,0.12,0,0,0,0,0,0,0,89.33,475,160,10,545.7,571.48,4.72%
0.5,0.5,4.35,0.6,1.5,0.1,0.25,0,0.15,0.05,0,0,0,0,0,0,0,92,495,175,24,505,481.01,4.75%
0,0,4.12,0,0.37,0,0.41,0,0,0.11,1.05,0,0,0,0,0,0,93.94,500,175,32,591,562.89,4.76%
0.026,0.072,1.64,0,1.59,0,7.8,0,0,0.14,0,0,0,0,0,0,0,88.732,470,120,24,574,601.35,4.76%
0.01,0.02,1.39,0,1.58,0,7.55,0,0,0.12,0,0,0,0,0,0,0,89.33,475,100,8,582.8,554.81,4.80%
0.04,0.1,3.49,1.31,2.15,0.002,0,0,0,0,0,0,0,0,0,0,0,92.908,496,190,8,479,455.92,4.82%
0,0,4.25,0,1.18,0,0.43,0,0,0.11,1.18,0,0,0,0,0,0,92.85,500,25,0,550,523.47,4.82%
0,0,2.03,0,0,0,0,0,0,0.17,2.53,0,0,0,0,0,0,95.27,510,150,24,588,559.56,4.84%
0.01,0.02,1.39,0,1.58,0,7.55,0,0,0.12,0,0,0,0,0,0,0,89.33,475,160,30,480.4,503.68,4.85%
0.4,0.075,0.2,0.05,0.675,0,0,0,0,0,0,0,0,0,0,0,0,98.6,520,175,8,226,214.72,4.99%
0.2,0.3,6.3,0.3,0.02,0,0.1,0.1,0.08,0.175,0,0,0,0,0,0,0,92.425,535,190,26,380,399.35,5.09%
0.08,0.16,0.34,0.33,1.91,0,5.39,0,0,0,0,0,0,0,0,0,0,91.79,470,120,24,498,472.60,5.10%
0,0,0.19,0,2.55,0,6.98,0,0,0.29,0,0,0,0.27,0,0,0,89.72,470,120,24,643,610.19,5.10%
0,0,0.75,0,1.76,0,2.22,0,0,0.12,2.59,0,0,0,0,0,0,92.56,530,170,48,542,514.22,5.12%
0,0,4.17,0,0.41,0,0,0,0,0.12,1.1,0,0,0,0,0,0,94.2,500,175,32,576,546.25,5.16%
0.5,0.5,4.35,0.6,1.5,0.1,0.25,0,0.15,0,0,0,0,0,0,0,0,92.05,495,190,12,425,447.02,5.18%
0,0,0,0,0.6,0.4,7,0,0.15,0,0,0,0,0,0,0,0,91.85,590,130,3,290,305.05,5.19%
0,0,6.3,0.3,0,0,0,0.1,0.06,0.18,0,0,0,0,0,0,0,93.06,535,190,36,415,436.80,5.25%
0.01,0.02,1.39,0,1.58,0,7.55,0,0,0.12,0,0,0,0,0,0,0,89.33,475,140,88,526.7,554.53,5.28%
0.01,0.02,1.39,0,1.58,0,7.55,0,0,0.12,0,0,0,0,0,0,0,89.33,475,160,64,432.2,455.20,5.32%
0.55,0.47,0.28,0,0.98,0.19,0.19,0,0,0,0,0,0,0,0,0,0,97.34,530,180,6,345,363.56,5.38%
0,0.93,2.23,0,1.21,0,0,0,0,0.3,0,1.09,0,0.3,0,0,0,93.94,510,200,18,392,413.14,5.39%
0.83,0.29,3.91,0.55,0.47,0.01,0.06,0,0.07,0,0,0,0,0,0,0,0,93.81,500,160,8,360,379.47,5.41%
0,0,0.75,0,1.76,0,2.22,0,0,0.12,2.59,0,0,0,0,0,0,92.56,530,185,16,526,497.54,5.41%
0,0,0.22,0,2.46,0,6.8,0,0,0,0,0,0,0,0,0,0,90.52,470,120,48,501.2,528.53,5.45%
0.4,0.42,1.4,0.13,2.4,0.26,5.6,0,0.01,0,0,0,0,0,0,0,0,89.38,465,120,24,526,554.85,5.48%
0,0,0,0,0,0,0,0,0,0,0,0,0,0,0,0,0,100,555,175,8,220,207.69,5.60%
0.01,0.02,1.39,0,1.58,0,7.55,0,0,0.12,0,0,0,0,0,0,0,89.33,475,25,0,508.2,479.73,5.60%
0.2,0.3,1.55,0.15,2.6,0.2,5.5,0,0,0,0,0,0,0,0,0,0,89.5,490,120,30,572,539.74,5.64%
12.25,1,0.9,0,1.05,0.1,0.25,0,0,0,0,0.9,0,0,0,0,0,83.55,510,170,10,380,358.29,5.71%
0.04,0.05,4.22,0,0.54,0,0,0,0,0.16,1.31,0,0,0,0,0,0,93.68,530,160,88,583,549.49,5.75%
0.05,0.08,1.23,0.3,2.63,0,6.78,0,0.04,0.11,0,0,0.002,0,0,0,0,88.778,488,121,24,643.3,605.67,5.85%
0.04,0.08,1.21,0.35,2.35,0.05,6.62,0,0.03,0.06,0,0,0.002,0,0,0,0,89.208,488,121,24,620.5,583.95,5.89%
0.055,0.061,2.35,0.0076,1.94,0.0051,7.76,0,0,0.12,0,0,0,0,0,0,0,87.7013,477,160,0.5,572.4,538.22,5.97%
0.29,0.42,4.2,0.63,1.26,0,0,0,0,0,0,0,0,0,0,0,0,93.2,500,100,25,578,543.32,6.00%
0.2,0.3,6.3,0.3,0.02,0,0.1,0.1,0.08,0.175,0,0,0,0,0,0,0,92.425,535,190,36,370,392.26,6.01%
0,0,5.5,0,0,0,0,0,0,0,0,0,0,0,0,0,0,94.5,525,160,14,405,380.24,6.11%
0,0,0,0,0.6,0.4,7,0,0.15,0,0,0,0,0,0,0,0,91.85,590,140,15,330,350.24,6.13%
0.11,0.18,0.33,0.32,1.98,0,5.41,0,0,0.1,0,0,0,0.25,0,0,0,91.32,470,120,36,532,498.92,6.22%
0.01,0.01,4.3,0,0,0,0,0,0,0.14,1.18,0,0,0,0,0,0,94.36,530,160,144,530,497.03,6.22%
1.35,0.25,0.95,0.85,1.1,0,0,0,0,0,0,0,0,0,0,0,0,95.5,530,175,8,390,365.42,6.30%
0.85,0.7,4.45,0.8,0.5,0.1,0.25,0,0.15,0,0,0,0,0,0,0,0,92.2,500,160,18,405,430.90,6.40%
0.85,0.7,4.45,0.8,0.5,0.1,0.25,0,0.15,0,0,0,0,0,0,0,0,92.2,500,160,18,405,430.90,6.40%
0.8,0.456,0.321,0.212,0.91,0.021,0.178,0,0,0,0,0,0,0,0,0,0,97.102,500,200,1.5,290,271.43,6.40%
0.1,0.2,4.2,0.91,1.4,0,0.03,0,0,0,0,0,0,0,0,0,0,93.16,520,25,300,510,477.28,6.42%
0.56,0.22,0.24,0.02,1.01,0.06,0.01,0,0,0,0,0,0,0,0,0,0,97.88,530,25,0,269.8,252.48,6.42%
0.5,0.35,4,0.7,0.6,0.1,0.25,0,0.125,0.125,0,0,0,0,0,0,0,93.25,500,25,0,427,454.51,6.44%
1.17,0.184,1.11,0,1.62,0.151,0,0,0.029,0,0,0,0,0,0,0,0,95.736,550,170,24,395,420.47,6.45%
0.8,0,4.4,0.8,0.5,0,0,0,0,0,0,0,0,0,0,0,0,93.5,500,160,18,425,452.45,6.46%
0.3,0.4,4.37,0.6,1.29,0.05,0.075,0,0.009,0,0,0,0,0,0,0,0,92.906,497,290,1,350,372.65,6.47%
0.3,0.4,4.37,0.6,1.29,0.05,0.075,0,0.009,0,0,0,0,0,0,0,0,92.906,495,25,720,460,489.84,6.49%
0,0,1.22,0,0.61,0,0,0,0,0.08,2.49,0,0,0,0,0,0,95.6,525,190,16,425,452.61,6.50%
0.03,0.08,1.17,0,2.38,0.05,6.51,0,0.06,0.13,0,0,0.002,0,0,0,0,89.588,488,121,24,628.8,587.86,6.51%
0.9,1,4,0.2,1.5,1,0.25,0,0,0,0,2,0,0,0,0,0,89.15,510,240,6,330,351.51,6.52%
0.04,0.08,1.15,0.31,2.41,0.05,6.85,0,0.03,0.13,0,0,0.001,0,0,0,0,88.949,488,121,24,642.6,600.70,6.52%
0,0,0.75,0,1.76,0,2.22,0,0,0.12,2.59,0,0,0,0,0,0,92.56,530,170,2,474,443.06,6.53%
0,0,0,0,0,0,0,0,0,0,2.3,0,0,0,0,0,0,97.7,538,200,0.25,215,200.90,6.56%
0.08,0.16,0.34,0.33,1.91,0,5.39,0,0,0,0,0,0,0,0,0,0,91.79,470,120,12,463,432.41,6.61%
0.6,0,0.28,0,1,0.09,0,0,0,0,0,0,0,0,0,0.55,0.55,96.93,540,170,12,400,373.52,6.62%
0.4,0.075,0.2,0.05,0.675,0,0,0,0,0,0,0,0,0,0,0,0,98.6,520,175,8,230,214.72,6.64%
0.6,0.7,0.275,0.15,1,0.195,0.25,0,0.15,0,0,0,0,0,0,0,0,96.68,530,160,18,310,330.80,6.71%
0.8,0,4.4,0.8,0.5,0,0,0,0,0,0,0,0,0,0,0,0,93.5,500,160,18,485,452.45,6.71%
0.5,0.5,4.35,0.6,1.5,0.1,0.25,0,0.15,0.05,0,0,0,0,0,0,0,92,495,260,0.5,454,423.52,6.71%
0.055,0.061,2.35,0.0076,1.94,0.0051,7.76,0,0,0.12,0,0,0,0,0,0,0,87.7013,477,120,5,588.9,549.30,6.72%
0,0,2.24,0,1.93,0,7.81,0,0,0.16,0,0,0,0.25,0,0,0,87.61,470,120,24,679,633.29,6.73%
0,0,1.1,0,0.61,0,2.08,0,0,0.12,2.38,0,0,0,0,0,0,93.71,525,25,0,342,365.13,6.76%
0.6,0.35,0.275,0.15,1,0,0,0,0,0,0,0,0,0,0,0,0,97.625,530,160,18,315,336.32,6.77%
0.2,0.35,1.67,0.3,2.22,0,5.95,0,0,0,0,0,0,0,0,0,0,89.31,500,120,12,468,500.23,6.89%
0.12,0.15,2.3,0.1,2.25,0.04,6.2,0,0.06,0.115,0,0,0,0,0,0,0,88.665,475,177,9,474,506.91,6.94%
0.055,0.061,2.35,0.0076,1.94,0.0051,7.76,0,0,0.12,0,0,0,0,0,0,0,87.7013,477,120,1,567.4,527.69,7.00%
0,0,1.22,0,0.63,0,0.92,0,0,0.1,2.57,0,0,0,0,0,0,94.56,525,190,10,542,504.00,7.01%
0,0,0.22,0,2.46,0,6.8,0,0,0,0,0,0,0,0,0,0,90.52,470,25,0,389.8,417.22,7.03%
0.5,0.5,4.35,0.6,1.5,0.1,0.25,0,0.15,0,0,0,0,0,0,0,0,92.05,495,190,9,440,471.15,7.08%
1.35,0.25,0.275,0.7,0.85,0,0,0,0,0,0,0,0,0,0,0,0,96.575,545,160,18,345,369.57,7.12%
0.5,0,4,0.7,0.6,0,0,0,0,0,0,0,0,0,0,0,0,94.2,500,160,18,425,455.94,7.28%
0.5,0.5,4.35,0.6,1.5,0.1,0.25,0,0.15,0.05,0,0,0,0,0,0,0,92,495,205,3,480,444.94,7.30%
0.12,0.15,2.3,0.1,2.25,0.04,6.2,0,0.06,0.115,0,0,0,0,0,0,0,88.665,475,177,7,473,507.63,7.32%
12.25,1,0.9,0,1.05,0.1,0.25,0,0,0,0,0.9,0,0,0,0,0,83.55,510,175,10,380,351.36,7.54%
0,0,1.6,0,0.95,0,0,0,0,0.08,1.7,0,0,0,0,0,0,95.67,530,150,24,415,446.42,7.57%
0.51,0.53,4.23,0.65,1.69,0,0,0,0,0,0,0,0,0,0,0,0,92.39,495,190,12,400,430.29,7.57%
0.51,0.49,3.95,0.96,1.65,0,0,0,0,0,2,0,0,0,0,0,0,90.44,495,190,12,380,408.80,7.58%
0.02,0.06,1.55,0,2.3,0,6.3,0,0,0.14,0,0,0,0,0,0,0,89.63,465,120,24,566,608.99,7.60%
0.35,1.2,2.2,0.2,1.6,0,0.3,0,0.06,0,0,1.2,0,0,0,0,0,92.89,530,185,13,375,403.76,7.67%
0.49,0.24,0.31,0.01,1.01,0.055,0.05,0.01,0,0,0,0.06,0,0,0,0,0,97.765,530,200,0.3,305,281.58,7.68%
0.4,0.175,0.1,0.1,0.675,0,0,0,0,0,0,0,0,0,0,0,0,98.55,520,175,8,232,213.99,7.76%
0,0,0.75,0,1.76,0,2.22,0,0,0.12,2.59,0,0,0,0,0,0,92.56,530,185,2,503,463.95,7.76%
0,0,4.25,0,1.18,0,0.43,0,0,0.11,1.18,0,0,0,0,0,0,92.85,500,175,32,660,608.59,7.79%
0.6,0,0.2,0,1,0.25,0,0,0,0,0,0,0,0,0,0,0,97.95,525,180,7.5,310,285.81,7.80%
0.3,0.4,0.1,0.25,2.8,0.2,4,0,0.1,0,0,0,0,0,0,0,0,91.85,480,120,22,450,414.72,7.84%
0,0,1.5,0,2.65,0.21,5.7,0,0,0,0,0,0,0,0,0,0,89.94,470,120,24,554,597.75,7.90%
0.4,0.35,0.1,0.1,0.675,0.1,0.1,0,0.1,0,0,0,0,0,0,0,0,98.075,525,175,8,285.6,262.93,7.94%
1.21,0.179,1.09,0,1.57,0.178,0,0.158,0.028,0,0,0,0,0,0,0,0,95.587,550,170,24,390,421.43,8.06%
0.5,0,0,0,0.6,0,0,0,0,0,0,0,0,0,0,0,0,98.9,510,170,7,220,202.06,8.16%
0.055,0.061,2.35,0.0076,1.94,0.0051,7.76,0,0,0.12,0,0,0,0,0,0,0,87.7013,477,120,3,574.7,527.69,8.18%
0.9,1,4,0.2,1.5,0.1,0.25,0,0,0,0,2,0,0,0,0,0,90.05,510,240,6,331,358.66,8.36%
0.2,0.3,6.3,0.3,0.02,0,0.1,0.1,0.08,0.175,0,0,0,0,0,0,0,92.425,535,175,18,425,389.40,8.38%
0.2,0.3,6.3,0.3,0.02,0,0.1,0.1,0.08,0.175,0,0,0,0,0,0,0,92.425,535,175,18,425,389.40,8.38%
0.11,0.18,0.33,0.32,1.98,0,5.41,0,0,0.1,0,0,0,0.25,0,0,0,91.32,470,120,24,540,494.42,8.44%
0.85,0.7,4.45,0.8,0.5,0.1,0.25,0,0.15,0.05,0,0,0,0,0,0,0,92.15,500,170,10,431,467.55,8.48%
0.6,0.35,0.275,0.15,1,0,0,0,0,0,0,0,0,0,0,0,0,97.625,530,160,18,310,336.32,8.49%
0.6,0.35,0.275,0.15,1,0,0,0,0,0,0,0,0,0,0,0,0,97.625,530,160,18,310,336.32,8.49%
0.6,0.35,0.275,0.15,1,0,0,0,0,0,0,0,0,0,0,0,0,97.625,530,160,18,310,336.32,8.49%
0.6,0.35,0.275,0.15,1,0,0,0,0,0,0,0,0,0,0,0,0,97.625,530,160,18,310,336.32,8.49%
0.04,0.05,4.01,0,0,0,0,0,0,0.16,1.24,0,0,0,0,0,0,94.5,530,25,0,354,384.08,8.50%
0.6,0.7,0.275,0.15,1,0.09,0.25,0,0.15,0,0,0,0,0,0,0.55,0.55,95.685,540,170,12,400,365.41,8.65%
0.055,0.061,2.35,0.0076,1.94,0.0051,7.76,0,0,0.12,0,0,0,0,0,0,0,87.7013,477,160,5,619.2,564.34,8.86%
0,0,0.39,0.28,2.02,0,5.48,0,0,0.11,0,0,0,0.26,0,0,0,91.46,460,120,24,567.4,516.78,8.92%
0.4,0.175,0.1,0.1,0.675,0,0,0,0,0,0,0,0,0,0,0,0,98.55,520,175,8,235,213.99,8.94%
0.5,0.5,4.35,0.6,1.5,0.1,0.25,0,0.15,0.05,0,0,0,0,0,0,0,92,495,190,12,425,463.19,8.98%
0,0,0.39,0.28,2.02,0,5.48,0,0,0.11,0,0,0,0.26,0,0,0,91.46,490,120,24,550.8,501.31,8.99%
0.2,0.5,4.1,0.6,1.2,0.1,0.1,0,0,0,0,0,0,0,0,0,0,93.2,500,100,20,609,553.71,9.08%
0.85,0.7,4.45,0.8,0.5,0.1,0.25,0,0.15,0,0,0,0,0,0,0,0,92.2,500,160,18,395,430.90,9.09%
0.5,0.5,4.5,0.58,1.5,0.01,0.25,0,0.15,0,0,0,0,0,0,0,0,92.01,500,180,120,392,427.76,9.12%
0,0,0.37,0.28,1.96,0,5.45,0,0,0.11,0,0,0,0.26,0,0,0,91.57,470,120,48,577,524.25,9.14%
0.055,0.061,2.35,0.0076,1.94,0.0051,7.76,0,0,0.12,0,0,0,0,0,0,0,87.7013,477,160,1,593.5,538.22,9.31%
0.01,0.02,1.42,0.01,2.19,0.19,5.37,0,0.01,0,0,0,0,0,0,0,0,90.78,470,170,24,547,495.95,9.33%
0,0,1.6,0,2.2,0.22,5.7,0,0,0,0,0,0,0,0,0,0,90.28,515,155,3,565,512.03,9.37%
0.6,0,0.25,0,1,0.25,0,0,0,0,0,0,0,0,0,0,0,97.9,525,181,8.5,315,285.41,9.39%
0,0,0,0.35,1.98,0,5.42,0,0,0.12,0,0,0,0.12,0,0,0,92.01,470,120,12,531,480.83,9.45%
1.4,0,1,0.8,1.1,0,0,0,0,0,0,0,0,0,0,0,0,95.7,530,175,8,395,357.65,9.45%
0.01,0.08,5.64,0.33,0.23,0,0,0.09,0.11,0.15,0,0,0,0,0,0,0,93.36,530,25,0,349.3,382.38,9.47%
1,0.25,0.1,0.6,0.6,0,0,0,0,0,0,0,0,0,0,0,0,97.45,505,170,6,281,307.70,9.50%
0.83,0.29,3.91,0.55,0.47,0.01,0.06,0,0.07,0,0,0,0,0,0,0,0,93.81,500,160,24,470,424.86,9.60%
0.4,0.15,0.2,0.05,0.675,0,0.05,0,0,0,0,0,0,0,0,0,0,98.475,520,175,8,186,203.87,9.61%
1.35,0.5,0.95,0.85,1.1,0.4,0.25,0,0.2,0,0,0,0,0,0,0,0,94.4,530,175,8,395,357.04,9.61%
0.6,0,0.28,0,1,0.2,0,0,0,0,0,0,0,0,0,0,0,97.92,530,160,18,310,339.86,9.63%
0,0,0.37,0.28,1.96,0,5.45,0,0,0.11,0,0,0,0.26,0,0,0,91.57,470,120,32,583.3,525.61,9.89%
0.01,0.02,1.39,0,1.58,0,7.55,0,0,0.12,0,0,0,0,0,0,0,89.33,475,160,1,563.5,506.69,10.08%
0.4,0.075,0.2,0.05,0.675,0,0,0,0,0,0,0,0,0,0,0,0,98.6,520,175,8,239,214.72,10.16%
0.5,0.7,4,0.7,0.6,0.1,0.25,0,0.15,0,0,0,0,0,0,0,0,93,500,160,18,390,429.64,10.16%
0.5,0.7,4,0.7,0.6,0.1,0.25,0,0.15,0,0,0,0,0,0,0,0,93,500,160,18,390,429.64,10.16%
0.29,0.42,4.2,0.63,1.26,0,0,0,0,0,0,0,0,0,0,0,0,93.2,500,25,0,393,433.36,10.27%
0.85,0,4.44,0.77,0.45,0,0,0,0,0,0,0,0,0,0,0,0,93.49,500,160,8.5,380,419.15,10.30%
0.5,0.5,4.35,0.6,1.5,0.1,0.25,0,0.15,0,0,0,0,0,0,0,0,92.05,495,190,9,427,471.15,10.34%
0,0,1.6,0,2.5,0.25,5.6,0,0,0,0,0,0,0,0,0,0,90.05,465,110,15,505,558.02,10.50%
0.35,0.4,2.1,0.2,3,0.265,7.4,0,0.2,0,0,0,0,0,0,0,0,86.085,465,120,24,675,603.60,10.58%
0.11,0.18,0.33,0.32,1.98,0,5.41,0,0,0.1,0,0,0,0.25,0,0,0,91.32,470,120,12,532,475.48,10.62%
0.9,1,4,0.2,0.675,0.1,0.25,0,0,0,0,2,0,0,0,0,0,90.875,510,170,10,420,374.98,10.72%
0.5,0.5,4.35,0.6,1.5,0.1,0.25,0,0.15,0,0,0,0,0,0,0,0,92.05,495,190,9,425,471.15,10.86%
0.4,0.075,0.2,0.05,0.675,0,0,0,0,0,0,0,0,0,0,0,0,98.6,520,175,8,241,214.72,10.90%
0,0,0.37,0.28,1.96,0,5.45,0,0,0.11,0,0,0,0.26,0,0,0,91.57,470,120,24,584,518.67,11.19%
0.4,0.35,0.1,0.1,0.675,0.1,0.1,0,0.1,0,0,0,0,0,0,0,0,98.075,525,175,336,193.4,215.15,11.25%
0,0,4.6,0.35,0.35,0,0,0,2.5,0,0,0,0,0,0.7,0,0,91.5,512.5,190,5,470,416.88,11.30%
0.01,0.02,1.39,0,1.58,0,7.55,0,0,0.12,0,0,0,0,0,0,0,89.33,475,160,2,571.5,506.69,11.34%
0,0,0.17,0,2.58,0,6.94,0,0,0,0,0,0,0.48,0,0,0,89.83,470,120,32,638,565.48,11.37%
1.1,0,4.5,0,0,0,0,0,0,0,0,0,0,0,0,0,0,94.4,515,217.5,4,220,245.13,11.42%
0.01,0.02,1.39,0,1.58,0,7.55,0,0,0.12,0,0,0,0,0,0,0,89.33,475,140,2,573.3,507.62,11.46%
0,0,0.39,0.28,2.02,0,5.48,0,0,0.11,0,0,0,0.26,0,0,0,91.46,470,120,24,580.9,513.91,11.53%
0.8,0.7,2.6,0.2,0.35,0.1,0.25,0,0,0,0,0,0,0,0,0,0,95,500,170,10,295,329.26,11.61%
0.51,0.53,4.23,0.65,1.69,0,0,0,0,0,0,0,0,0,0,0,0,92.39,495,25,168,420,469.02,11.67%
0.055,0.061,2.35,0.0076,1.94,0.0051,7.76,0,0,0.12,0,0,0,0,0,0,0,87.7013,477,160,3,610,538.22,11.77%
0.81,0.27,4.27,0.74,0.52,0.02,0.09,0,0.02,0,0,0,0,0,0,0,0,93.26,500,140,96,400,447.09,11.77%
0.51,0.75,4.07,0.67,1.53,0,0,0,0,0,4,0,0,0,0,0,0,88.47,495,190,12,370,413.76,11.83%
0.15,0.26,1.5,0,2.4,0,5.7,0,0,0,0,0,0,0,0,0,0,89.99,480,140,1,518.3,456.91,11.84%
0.031,0.068,0.003,0,1.57,0,7.82,0,0,0.139,0,0,0,0,0,0,0,90.369,470,120,24,515,576.09,11.86%
0,0,0.37,0.28,1.96,0,5.45,0,0,0.11,0,0,0,0.26,0,0,0,91.57,470,120,12,568,499.88,11.99%
0,0,0,0.35,1.98,0,5.42,0,0,0.12,0,0,0,0.12,0,0,0,92.01,470,120,24,554,487.30,12.04%
0,0,2.2,0,2.5,0,8.6,0,0,0,0,0,0,0,0,0,0,86.7,480,130,24,710,624.15,12.09%
0.5,0.5,4.35,0.6,1.5,0.1,0.25,0,0.15,0.05,0,0,0,0,0,0,0,92,495,190,16,415,465.25,12.11%
0,0,0,0.35,1.98,0,5.42,0,0,0.12,0,0,0,0.12,0,0,0,92.01,470,120,48,545,478.76,12.15%
0.01,0.02,1.39,0,1.58,0,7.55,0,0,0.12,0,0,0,0,0,0,0,89.33,475,140,4,578.1,507.62,12.19%
1.1,0,4.5,0,0,0,0,0,0,0,0,0,0,0,0,0,0,94.4,515,260,5,200,224.40,12.20%
0.055,0.061,2.35,0.0076,1.94,0.0051,7.76,0,0,0.12,0,0,0,0,0,0,0,87.7013,477,25,0,451.6,507.01,12.27%
0.4,0.35,0.1,0.1,0.675,0.1,0.1,0,0.1,0,0,0,0,0,0,0,0,98.075,525,175,6,278,243.82,12.30%
0.4,0.175,0.1,0.1,0.675,0,0,0,0,0,0,0,0,0,0,0,0,98.55,520,175,8,190,213.99,12.63%
0.01,0.02,1.39,0,1.58,0,7.55,0,0,0.12,0,0,0,0,0,0,0,89.33,475,160,4,580,506.69,12.64%
0,0,0.17,0,2.58,0,6.94,0,0,0,0,0,0,0.48,0,0,0,89.83,470,120,24,641,558.98,12.80%
0,0,0.39,0.28,2.02,0,5.48,0,0,0.11,0,0,0,0.26,0,0,0,91.46,480,120,24,578,503.96,12.81%
0.8,0.456,0.321,0.212,0.91,0.021,0.178,0,0,0,0,0,0,0,0,0,0,97.102,500,25,0,205.2,231.65,12.89%
0.01,0.02,1.39,0,1.58,0,7.55,0,0,0.12,0,0,0,0,0,0,0,89.33,475,100,2,559.4,486.88,12.96%
0.4,0.175,0.1,0.1,0.675,0,0,0,0,0,0,0,0,0,0,0,0,98.55,520,175,8,246,213.99,13.01%
0.4,0.35,0.1,0.1,0.675,0.1,0.1,0,0.1,0,0,0,0,0,0,0,0,98.075,525,175,2,202.6,175.96,13.15%
0.01,0.02,1.42,0.01,2.19,0.19,5.37,0,0.01,0,0,0,0,0,0,0,0,90.78,470,100,24,641,556.62,13.16%
7,0.12,0.01,0,0.47,0,0,0,0.09,0,0,0,0,0,0,0,0,92.31,550,175,6,375.7,326.19,13.18%
0.01,0.02,1.42,0.01,2.19,0.19,5.37,0,0.01,0,0,0,0,0,0,0,0,90.78,470,120,24,636,551.75,13.25%
7,0.13,1.04,0,0.45,0,0,0,0.09,0,0,0,0,0,0,0,0,91.29,525,175,6,386,333.55,13.59%
0,0,0,0,0.6,0.4,7,0,0.15,0,0,0,0,0,0,0,0,91.85,415,180,4,250,284.08,13.63%
0.15,0.26,1.5,0,2.4,0,5.7,0,0,0,0,0,0,0,0,0,0,89.99,480,140,2,529.2,456.91,13.66%
1.35,0.25,0.95,0.85,1.1,0,0,0,0,0,0,0,0,0,0,0,0,95.5,530,175,8,321,365.42,13.84%
0,0,0,0.35,1.98,0,5.42,0,0,0,0,0,0,0,0,0,0,92.25,470,120,24,514,442.75,13.86%
0.4,0.15,0.2,0.05,0.675,0,0.05,0,0,0,0,0,0,0,0,0,0,98.475,520,180,6,186,212.09,14.03%
0.6,0.7,0.275,0.15,1,0.195,0.25,0,0.15,0,0,0,0,0,0,0,0,96.68,530,160,18,290,330.80,14.07%
0.6,0.7,0.275,0.15,1,0.195,0.25,0,0.15,0,0,0,0,0,0,0,0,96.68,530,160,18,290,330.80,14.07%
0.6,0.7,0.275,0.15,1,0.195,0.25,0,0.15,0,0,0,0,0,0,0,0,96.68,530,160,18,290,330.80,14.07%
0,0,0,0.5,2.1,0.3,4.2,0,0,0,0,0,0,0,0,0,0,92.9,400,100,8,230,262.70,14.22%
0,0,0,0.35,1.98,0,5.42,0,0,0,0,0,0,0,0,0,0,92.25,470,120,48,506,433.52,14.32%
0.4,0,0,0,0.7,0,0,0,0,0,0,0,0,0,0,0,0,98.9,520,175,8,240,205.34,14.44%
0.18,0.11,0.33,0.32,1.98,0,5.7,0,0,0.1,0,0,0,0.25,0,0,0,91.03,470,120,4,495,423.37,14.47%
0.01,0.02,1.39,0,1.58,0,7.55,0,0,0.12,0,0,0,0,0,0,0,89.33,475,100,4,571.5,486.88,14.81%
0.4,0.15,0.2,0.05,0.675,0,0.05,0,0,0,0,0,0,0,0,0,0,98.475,520,175,8,240,203.87,15.05%
0.4,0.075,0.2,0.05,0.675,0,0,0,0,0,0,0,0,0,0,0,0,98.6,520,175,8,186,214.72,15.44%
0.2,0.3,1.55,0.15,2.6,0.2,5.5,0,0,0,0,0,0,0,0,0,0,89.5,490,25,0,368,425.45,15.61%
0.8,0.456,0.321,0.212,0.91,0.021,0.178,0,0,0,0,0,0,0,0,0,0,97.102,500,200,2,321.8,271.43,15.65%
0,0,0,0.35,1.98,0,5.42,0,0,0.12,0,0,0,0.24,0,0,0,91.89,470,120,12,568,479.01,15.67%
0.4,0.35,0.1,0.1,0.675,0.1,0.1,0,0.1,0,0,0,0,0,0,0,0,98.075,520,175,8,290,243.80,15.93%
0.5,0.5,2.6,0.25,0.45,0.1,0.25,0,0.15,0,0,0,0,0,0,0,0,95.2,500,170,10,300,348.70,16.23%
0,0,0,0.5,2.1,0.3,4.2,0,0,0,0,0,0,0,0,0,0,92.9,530,175,7,255,296.70,16.35%
0.83,0.29,3.91,0.55,0.47,0.01,0.06,0,0.07,0,0,0,0,0,0,0,0,93.81,500,170,18,360,419.44,16.51%
0,0,1.2,0,2.5,0,0,0,0,0.12,2.5,0,0,0,0,0,0,93.68,500,160,36,351.7,410.14,16.62%
0,0,0,0.35,1.98,0,5.42,0,0,0.12,0,0,0,0.24,0,0,0,91.89,470,120,48,577,478.95,16.99%
0,0,0,0.35,1.98,0,5.42,0,0,0.12,0,0,0,0.24,0,0,0,91.89,470,120,24,584,484.69,17.01%
0,0,0,0.35,1.98,0,5.42,0,0,0,0,0,0,0,0,0,0,92.25,470,120,12,498,412.56,17.16%
0.18,0,4.2,0.61,2.2,0,0,0,0,0,2.5,0,0,0,0,0,0,90.31,497,187,16,360,422.17,17.27%
0,0,0.7,0,0.35,0,7.5,0,0,0,0,0,0,0,0,0,0,91.45,530,120,6,220,261.59,18.90%
0.4,0.35,0.1,0.1,0.675,0.1,0.1,0,0.1,0,0,0,0,0,0,0,0,98.075,520,175,8,205,243.80,18.93%
0.4,0,0,0,0.7,0,0,0,0,0,0,0,0,0,0,0,0,98.9,520,175,8,255,205.34,19.48%
0.082,0.35,0.12,0.3,2.3,0,5.2,0,0,0.13,0,0,0,0,0,0,0,91.518,470,25,0,327,390.72,19.49%
0,0,10,0,0.25,0,0,0,0,0,0,0,0,0,0,0,0,89.75,520,315,3,185,221.30,19.62%
1.35,0.25,0.95,0.85,1.1,0,0,0,0,0,0,0,0,0,0,0,0,95.5,530,175,8,305,365.42,19.81%
1,0.25,0.1,0.6,0.6,0,0,0,0,0,0,0,0,0,0,0,0,97.45,505,170,6,256,307.70,20.20%
0.4,0.35,0.1,0.1,0.675,0.1,0.1,0,0.1,0,0,0,0,0,0,0,0,98.075,525,175,2.5,220.5,175.96,20.20%
1.1,0,4.5,0,0,0,0,0,0,0,0,0,0,0,0,0,0,94.4,515,155,4.5,250,301.31,20.52%
0.4,0,0,0,0.7,0,0,0,0,0,0,0,0,0,0,0,0,98.9,520,175,8,170,205.34,20.79%
1.35,0.25,0.275,0.7,0.85,0,0,0,0,0,0,0,0,0,0,0,0,96.575,545,160,18,305,369.57,21.17%
0,0,0,0,0.58,0.5,6,0,0.2,0,0,0,0,0,0,0,0,92.72,530,155,7,235,284.94,21.25%
0,0,0.37,0.28,1.96,0,5.45,0,0,0.11,0,0,0,0.26,0,0,0,91.57,470,120,4,548.7,429.96,21.64%
0.6,0.4,0.3,0.12,1.01,0.2,0.18,0,0,0,0,0,0,0,0,0,0,97.19,500,190,1,387,302.13,21.93%
0,0,1.2,0,2,0,0,0,0,0.12,2.5,0,0,0,0,0,0,94.18,500,160,36,338.4,413.47,22.18%
0.4,0.35,0.1,0.1,0.675,0.1,0.1,0,0.1,0,0,0,0,0,0,0,0,98.075,525,175,3,226.9,175.96,22.45%
0,0,4,0,1.5,0,0,0,0,0,0,2,0,0,0,0,0,92.5,510,205,8,220,270.80,23.09%
0.2,0.3,6.3,0.3,0.02,0,0.1,0.1,0.08,0.175,0,0,0,0,0,0,0,92.425,535,175,18,315,389.40,23.62%
0.4,0.35,0.1,0.1,0.675,0.1,0.1,0,0.1,0,0,0,0,0,0,0,0,98.075,525,175,1,231.4,175.96,23.96%
0.4,0.35,0.1,0.1,0.675,0.1,0.1,0,0.1,0,0,0,0,0,0,0,0,98.075,525,175,0.5,141.6,175.96,24.26%
7,0.13,2.99,0,0.45,0,0,0,0.09,0,0,0,0,0,0,0,0,89.34,515,175,6,442.3,333.23,24.66%
0.4,0.35,0.1,0.1,0.675,0.1,0.1,0,0.1,0,0,0,0,0,0,0,0,98.075,525,175,1.5,234.2,175.96,24.87%
0.51,0.49,3.95,0.96,1.65,0,0,0,0,0,2,0,0,0,0,0,0,90.44,495,25,168,370,463.31,25.22%
0,0,4,0,1.5,0,0,0,0,0,0,2,0,0,0,0,0,92.5,515,342.5,0.0333,205,258.27,25.98%
0,0,4,0,1.5,0,0,0,0,0,0,2,0,0,0,0,0,92.5,515,217.5,4,220,280.32,27.42%
0,0,0,0,0,0,0,0,0,0,2.3,0,0,0,0,0,0,97.7,538,200,4,278,200.90,27.73%
0,0,0,0,0.6,0.4,7,0,0.15,0,0,0,0,0,0,0,0,91.85,415,180,4,220,284.08,29.13%
0,0,0,0,0,0,0,0,0,0,1.5,0,0,0,0,0,0,98.5,538,200,0.25,96,124.14,29.31%
0.4,0.35,0.1,0.1,0.675,0.1,0.1,0,0.1,0,0,0,0,0,0,0,0,98.075,525,175,0.166666667,135.6,175.96,29.76%
0,0,1.22,0,0.61,0,0,0,0,0.08,2.49,0,0,0,0,0,0,95.6,525,25,1440,296,384.37,29.86%
0.6,0.4,0.3,0.12,1.01,0.2,0.18,0,0,0,0,0,0,0,0,0,0,97.19,500,190,2,432,302.13,30.06%
0.51,0.75,4.07,0.67,1.53,0,0,0,0,0,4,0,0,0,0,0,0,88.47,495,25,168,360,473.95,31.65%
0.175,1.1,2.3,0,1.55,0,0.1,0,0.07,0,0,1.05,0,0,0,0,0,93.655,530,200,20,625,420.49,32.72%
0,0,0,0,0,0,0,0,0,0,0.9,0,0,0,0,0,0,99.1,538,200,4,82,109.44,33.46%
0.4,0.35,0.1,0.1,0.675,0.1,0.1,0,0.1,0,0,0,0,0,0,0,0,98.075,525,175,4,265.8,175.96,33.80%
1,0.25,0.1,0.6,0.6,0,0,0,0,0,0,0,0,0,0,0,0,97.45,505,170,6,229,307.70,34.37%
1.1,0,4.5,0,0,0,0,0,0,0,0,0,0,0,0,0,0,94.4,515,155,18,285,386.85,35.74%
0,0,1.2,0,1.5,0,0,0,0,0.12,2.5,0,0,0,0,0,0,94.68,500,160,36,332.3,452.00,36.02%
0,0,4,0,1.5,0,0,0,0,0,0,2,0,0,0,0,0,92.5,510,345,3,185,257.07,38.96%
0,0,1.22,0,0.61,0,0,0,0,0.08,2.49,0,0,0,0,0,0,95.6,525,25,0,264,373.17,41.35%
0.6,0,0.28,0,1,0.2,0,0,0,0,0,0,0,0,0,0,0,97.92,530,160,18,240,339.86,41.61%
0,0,0,0,0,0,0,0,0,0,0.9,0,0,0,0,0,0,99.1,538,200,0.25,75,109.44,45.92%
0,0,0.5,0,0.7,0,6.5,0,0,0,0,0,0,0,0,0,0,92.3,530,20,504,220,354.47,61.12%
0.6,0.7,0.275,0.15,1,0.195,0.25,0,0.15,0,0,0,0,0,0,0,0,96.68,530,160,18,205,330.80,61.37%
0.6,0.7,0.275,0.15,1,0.195,0.25,0,0.15,0,0,0,0,0,0,0,0,96.68,530,160,18,205,330.80,61.37%
0.4,0.35,0.1,0.1,0.675,0.1,0.1,0,0.1,0,0,0,0,0,0,0,0,98.075,520,175,8,150,243.80,62.53%
1.35,0.25,0.275,0.7,0.85,0,0,0,0,0,0,0,0,0,0,0,0,96.575,545,160,18,145,369.57,154.88%
1.35,0.25,0.275,0.7,0.85,0,0,0,0,0,0,0,0,0,0,0,0,96.575,545,160,18,145,369.57,154.88%
