Si,Fe,Cu,Mn,Mg,Cr,Zn,V,Ti,Zr,Li,Ni,Be,Sc,Ag,Bi,Pb,Al,SS Temp,Ageing Temp,Ageing Time,UTS_pred
0.054432,0.054678,2.464029,0.013418,2.594010,0.193098,7.218825,0.008191,0.011127,0.163468,1.194591,0.236885,0.000235,0.235390,0.406693,0.289842,0.127351,84.733737,460.865514,124.016727,24.000000,714.227131
0.042854,0.055009,2.461302,0.013369,2.593945,0.194407,7.205811,0.001069,0.011125,0.161474,1.185718,0.267303,0.000013,0.224221,0.313751,0.302989,0.100979,84.864662,460.157979,124.032878,24.000000,713.378071
0.042727,0.051533,2.461360,0.013457,2.594037,0.194329,7.212262,0.000000,0.011181,0.162282,1.183884,0.227704,0.000017,0.226980,0.313688,0.336811,0.101143,84.866605,460.047155,124.032315,24.000000,713.378071
0.042854,0.051651,2.461302,0.013369,2.593945,0.194407,7.205811,0.001069,0.011125,0.162262,1.185718,0.227340,0.000013,0.226948,0.313751,0.336981,0.100979,84.870475,460.157979,124.032878,24.000000,713.378071
0.042852,0.054947,2.461297,0.013369,2.593949,0.194395,7.205948,0.001109,0.011125,0.161514,1.185797,0.265997,0.000010,0.223965,0.202546,0.328590,0.092241,84.960351,460.159021,124.030757,24.000000,713.378071
0.042727,0.051533,2.461360,0.013457,2.594037,0.194329,7.212262,0.000000,0.011181,0.162282,1.183884,0.227704,0.000017,0.226980,0.313688,0.303669,0.101143,84.899747,460.047155,124.032315,24.000000,713.378071
0.042853,0.052634,2.461301,0.013369,2.593946,0.194403,7.205851,0.001081,0.011125,0.162039,1.185741,0.238873,0.000012,0.237879,0.280575,0.334478,0.098372,84.885467,460.158290,124.032245,24.000000,713.378071
0.042848,0.054895,2.461124,0.012830,2.590821,0.194399,7.200175,0.001671,0.011224,0.161783,1.184678,0.264027,0.000013,0.222167,0.313091,0.318848,0.100382,84.865025,460.197567,124.033531,24.000000,713.378071
0.042815,0.052750,2.585597,0.013380,2.594009,0.194099,7.206341,0.001341,0.011125,0.162457,1.187787,0.224324,0.000051,0.224348,0.303695,0.325521,0.103811,84.766549,460.205186,124.027176,24.000000,713.378071
0.042848,0.051777,2.461310,0.013368,2.593995,0.194406,7.208912,0.001872,0.011122,0.162992,1.185755,0.175081,0.000010,0.224019,0.274090,0.340579,0.100300,84.957563,460.138783,124.011340,24.000000,713.378071
0.042815,0.052750,2.585597,0.013380,2.594009,0.194099,7.206341,0.001341,0.011125,0.162457,1.187787,0.173003,0.000051,0.224348,0.303695,0.325521,0.103811,84.817871,461.758803,124.027176,24.000000,713.378071
0.042749,0.052117,2.461350,0.013442,2.594021,0.194342,7.211178,0.000180,0.011171,0.162146,1.184192,0.234358,0.000016,0.226516,0.360692,0.331127,0.101115,84.819286,460.065778,124.032410,24.000000,713.378071
0.042690,0.054950,2.463016,0.013424,2.594018,0.192926,7.220557,0.005088,0.011128,0.163654,1.195753,0.237350,0.000264,0.235207,0.308782,0.283963,0.124481,84.852747,460.472646,124.014704,24.000000,713.378071
0.042690,0.054950,2.463016,0.013424,2.594018,0.192926,7.220557,0.005088,0.011128,0.163654,1.195753,0.237350,0.000264,0.235207,0.308782,0.283963,0.124481,84.852747,460.472646,124.014704,24.000000,713.378071
0.042844,0.051847,2.461337,0.013111,2.593996,0.194661,7.209117,0.002089,0.011122,0.163007,1.185969,0.196234,0.000016,0.223825,0.276050,0.337336,0.100793,84.936645,460.145535,124.011328,24.000000,713.378071
0.042727,0.051533,2.461360,0.013457,2.594037,0.194329,7.212262,0.000000,0.011181,0.162282,1.183884,0.227704,0.000017,0.226980,0.313688,0.336811,0.101143,84.866605,460.047155,124.032315,24.000000,713.378071
0.042713,0.054696,2.462601,0.013220,2.592855,0.193223,7.215858,0.000000,0.011167,0.163372,1.193186,0.156633,0.000213,0.228036,0.314341,0.277395,0.119436,84.961055,460.415360,124.018648,24.000000,713.378071
0.042754,0.052278,2.461337,0.013407,2.593835,0.194345,7.210539,0.000266,0.011174,0.162125,1.184220,0.244660,0.000000,0.226264,0.357928,0.330414,0.101073,84.813379,460.073429,124.032475,24.000000,713.378071
0.042727,0.051533,2.461360,0.013457,2.594037,0.194329,7.212262,0.000000,0.011181,0.162282,1.183884,0.227704,0.000017,0.226980,0.313688,0.336811,0.101143,84.866605,460.047155,124.872590,24.000000,713.378071
0.042749,0.052117,2.461350,0.013442,2.594021,0.194342,7.211178,0.000180,0.011171,0.162146,1.184192,0.234358,0.000016,0.226516,0.360692,0.331127,0.101115,84.819286,460.065778,124.032410,24.000000,713.378071
0.042770,0.052058,2.461347,0.013368,2.594014,0.194396,7.211161,0.000000,0.011160,0.162339,1.184591,0.225383,0.000017,0.225912,0.378788,0.332577,0.101061,84.809059,460.000004,124.028467,24.000000,713.378071
0.042835,0.054794,2.502603,0.024355,2.595534,0.192706,7.190893,0.000000,0.011083,0.161727,1.185278,0.196365,0.000014,0.223225,0.454035,0.305854,0.098985,84.759713,460.138564,124.033548,24.000000,711.339497
0.042389,0.054465,2.461468,0.008184,2.592271,0.193994,7.206430,0.004039,0.000000,0.162312,1.111187,0.256281,0.000433,0.210920,0.300426,0.399669,0.258837,84.736695,440.815346,124.022004,24.000000,710.612080
0.012539,0.053308,2.462070,0.018022,2.593887,0.192883,7.239308,0.012125,0.000000,0.163180,1.190123,0.194062,0.000146,0.229073,0.296923,0.316431,0.115428,84.910493,455.590518,124.058791,24.000000,710.528279
0.042730,0.053764,2.463664,0.016081,2.591718,0.193352,7.221137,0.003812,0.017689,0.161996,1.187967,0.235545,0.000181,0.230886,0.302166,0.299442,0.122698,84.855171,458.985984,124.025840,22.000000,710.066382
0.042704,0.052134,2.430500,0.013439,2.773268,0.194410,7.211462,0.000172,0.011131,0.162160,1.196611,0.232937,0.000017,0.225472,0.358113,0.335607,0.101701,84.658162,460.084333,123.505176,24.000000,710.010335
0.040282,0.051329,2.437656,0.013478,3.066133,0.194397,7.209358,0.000000,0.011571,0.163248,1.089378,0.177700,0.000421,0.223586,0.274383,0.338822,0.104827,84.603432,460.126385,124.066592,24.000000,709.779805
0.042678,0.052975,2.158877,0.013706,2.587385,0.190719,7.187500,0.001276,0.016014,0.162319,1.181924,0.290214,0.000049,0.224495,0.303992,0.326624,0.104012,85.155240,461.723760,123.905174,29.000000,709.364144
0.042828,0.052153,2.461480,0.012277,3.011076,0.193706,7.225912,0.007042,0.000000,0.162988,1.075052,0.171784,0.000049,0.225210,0.281808,0.336232,0.044437,84.695966,457.217644,124.040569,27.000000,709.219996
0.050320,0.054462,2.463291,0.071014,2.593861,0.194148,7.120852,0.005289,0.000000,0.217594,1.192934,0.216516,0.000179,0.231609,0.375380,0.301588,0.119043,84.791919,455.750927,124.067197,25.000000,708.917644
0.030305,0.052452,2.461640,0.015143,2.593951,0.193925,7.221608,0.007430,0.136911,0.163079,1.187688,0.195336,0.000070,0.225996,0.284686,0.328686,0.106848,84.794245,458.260866,124.030966,24.000000,708.024495
0.054432,0.054678,2.464029,0.013418,2.594010,0.193098,7.218825,0.011556,0.011127,0.163468,1.194591,0.236885,0.000710,0.235390,0.474805,0.289842,0.127351,84.661786,460.865514,124.016727,37.000000,707.535280
0.037766,0.000000,2.445399,0.012635,2.563092,0.192789,8.200728,0.000486,0.011097,0.160975,1.228483,0.355732,0.000406,0.227032,0.331132,0.377844,0.095499,83.758906,459.404678,121.747981,24.000000,707.523823
0.042825,0.063252,2.528687,0.013154,2.593917,0.193789,7.227571,0.002280,0.011128,0.162995,1.186843,0.186398,0.000055,0.225127,0.283773,0.333779,0.103913,84.840515,456.944755,124.043304,24.000000,707.055928
0.042830,0.052948,2.461255,0.061658,2.592783,0.191848,7.274626,0.001530,0.011169,0.153565,1.125067,0.151623,0.000071,0.223962,0.281436,0.339338,0.049317,84.984973,438.182363,124.141945,25.000000,707.026775
0.039335,0.004007,2.450786,0.061539,2.585933,0.194252,7.197821,0.000033,0.000000,0.162366,1.183435,0.238931,0.000009,0.207271,0.276377,0.329859,0.102970,84.965075,453.505812,123.989286,24.000000,706.048237
0.042814,0.047883,2.119600,0.100302,2.593791,0.184396,7.067649,0.000292,0.004675,0.167346,1.187614,0.203458,0.000040,0.225705,0.263806,0.328845,0.075037,85.386745,451.447551,121.624380,26.000000,705.398074
0.042791,0.053304,2.461253,0.013181,2.592653,0.194366,7.381608,0.000817,0.011194,0.144882,1.184400,0.252255,0.000005,0.224657,0.340344,0.325878,0.100802,84.675609,460.122114,124.032889,24.000000,705.372639
0.042842,0.054678,2.461306,0.013373,2.593931,0.110755,7.206383,0.016767,0.000000,0.161553,1.216038,0.264564,0.000012,0.220906,0.189391,0.306307,0.100990,85.040204,460.147752,124.032829,24.000000,704.874837
0.042802,0.052087,2.461337,0.085432,2.728604,0.194477,7.209573,0.000000,0.011145,0.195092,1.185125,0.219932,0.000015,0.227134,0.315313,0.334082,0.105983,84.631867,460.111058,124.024038,24.000000,704.580220
0.041849,0.052042,2.461009,0.013524,2.594447,0.194266,7.210347,0.004059,0.000000,0.148783,1.184449,0.241423,0.000016,0.226530,0.352070,0.332152,0.104320,84.838715,423.121584,124.017462,28.000000,704.218309
0.042746,0.051652,3.090705,0.013794,2.594041,0.189828,7.211504,0.000187,0.011211,0.161981,1.246312,0.201074,0.000017,0.226292,0.360589,0.339544,0.096931,84.161593,460.110386,124.032390,24.000000,703.617085
0.042854,0.048208,2.461303,0.013369,2.593947,0.194407,7.205945,0.001103,0.011478,0.161540,1.185720,0.451597,0.000013,0.281571,0.305659,0.304623,0.100950,84.635715,460.157145,124.031942,24.000000,703.155964
0.039543,0.054651,2.461664,0.012781,2.591060,0.169272,7.200719,0.001623,0.000000,0.162056,1.184737,0.217381,0.000027,0.223482,0.318698,0.320259,0.107781,84.934269,445.565944,124.033553,24.000000,702.878743
0.042802,0.054911,2.461669,0.007230,2.591742,0.162338,7.254348,0.002656,0.011196,0.162322,1.187869,0.256341,0.000506,0.219993,0.311850,0.308797,0.149479,84.813951,412.471043,124.028107,24.000000,702.862019
0.035752,0.000000,2.472313,0.020822,2.604341,0.193480,7.233544,0.007880,0.000000,0.169007,1.140739,0.377094,0.000118,0.149319,0.292016,0.308371,0.122196,84.873009,436.561141,127.795878,24.000000,702.575093
0.042784,0.053903,2.447470,0.011230,2.583614,0.199489,7.353553,0.000000,0.001074,0.160675,1.203189,0.255463,0.000013,0.211981,0.213563,0.349312,0.098298,84.814390,460.713501,123.981292,33.000000,702.535069
0.042650,0.051633,2.456495,0.008778,2.588908,0.193950,7.673646,0.000000,0.011155,0.161915,1.181652,0.229555,0.000017,0.326503,0.329318,0.283929,0.052980,84.406918,460.053630,124.032348,24.000000,702.323201
0.042845,0.052539,2.461307,0.013357,2.593955,0.196717,7.206498,0.001079,0.011128,0.162114,1.185634,0.084806,0.000013,0.236011,0.307606,0.334409,0.099695,85.010286,448.555262,124.030818,23.000000,702.128477
0.042703,0.000000,2.535429,0.008524,2.588665,0.193787,7.690109,0.000854,0.011119,0.162010,2.023073,0.194787,0.000038,0.227059,0.323637,0.245822,0.102624,83.649761,461.144351,124.029076,24.000000,701.675313
0.042792,0.000000,2.461784,0.000000,2.593795,0.191971,7.255969,0.002630,0.011136,0.162990,1.526558,0.172204,0.000926,0.227341,0.420370,0.327284,0.130792,84.471458,452.065363,124.092182,25.000000,701.550762
0.046938,0.054284,2.462683,0.118387,2.593738,0.138416,7.040269,0.002902,0.003942,0.162342,1.191572,0.199763,0.000133,0.228498,0.349625,0.311249,0.112210,84.983047,451.544178,124.108709,26.000000,701.408877
0.041577,0.046558,2.285493,0.041184,2.608926,0.184944,7.307748,0.000890,0.010568,0.170691,0.626635,0.241428,0.000007,0.223471,0.285091,0.335591,0.064943,85.524253,455.661547,120.884161,27.000000,699.946497
0.037227,0.000000,2.735735,0.034519,2.718280,0.194333,7.211907,0.000062,0.009741,0.162239,1.183992,0.229861,0.000017,0.221752,0.307429,0.336348,0.099010,84.517550,460.053456,122.840546,24.000000,699.723897
0.018620,0.051897,2.461343,0.013316,2.594009,0.194463,7.015987,0.000927,0.011151,0.162494,1.184920,0.226775,0.000007,0.255150,0.282820,0.334791,0.090209,85.101121,459.791890,124.163105,20.000000,699.313042
0.041129,0.048618,2.487230,0.016482,2.614393,0.121573,7.025333,0.000000,0.010805,0.169605,1.150575,0.245447,0.000022,0.222245,0.270520,0.338508,0.000000,85.237516,455.141517,121.656005,27.000000,699.164392
0.042717,0.052310,3.240314,0.013470,2.591691,0.181667,7.250758,0.018694,0.043627,0.162024,1.181028,0.264798,0.000000,0.226238,0.223569,0.329692,0.047133,84.130271,464.397380,117.760196,24.000000,699.055562
0.042824,0.052188,2.461306,0.000000,2.593548,0.190853,7.303682,0.001475,0.450147,0.194513,1.101803,0.119785,0.000094,0.223498,0.269082,0.347335,0.104782,84.543085,472.234707,106.740094,25.000000,698.837139
0.000000,0.051973,2.461343,0.013265,2.594008,0.194513,6.978328,0.001202,0.011145,0.162607,1.185143,0.230495,0.000231,0.225076,0.233291,0.199779,0.043988,85.413613,460.108466,124.021126,21.000000,698.710097
0.041911,0.048113,2.461570,0.069259,2.631702,0.195463,7.549610,0.002114,0.001534,0.166211,1.032723,0.120213,0.000182,0.204946,0.245724,0.408982,0.157893,84.661851,462.177783,122.990074,27.000000,698.584864
0.014243,0.032922,2.496825,0.097702,2.594749,0.118234,7.149636,0.000696,0.007064,0.157549,1.203955,0.388084,0.000000,0.228011,0.350463,0.318926,0.080857,84.760082,460.469233,121.819882,27.000000,698.327784
0.017086,0.054328,2.872139,0.017401,2.593912,0.151639,7.239295,0.012122,0.011132,0.163413,1.193407,0.210848,0.000226,0.232830,0.306849,0.298248,0.122683,84.502441,456.414145,127.388369,25.000000,698.025676
0.042583,0.051721,2.452232,0.004679,2.584413,0.149084,8.077902,0.002984,0.011133,0.198056,1.179697,0.231176,0.000017,0.225838,0.343013,0.291541,0.100750,84.053183,425.045770,124.032377,24.000000,697.556111
0.014555,0.051747,2.465807,0.012593,2.593944,0.190532,7.207798,0.001328,0.032769,0.164526,1.185543,0.186269,0.000129,0.285412,0.347843,0.267544,0.072452,84.919207,458.441493,124.026187,22.000000,697.231299
0.000000,0.052005,2.467807,0.000000,2.593938,0.194087,7.032980,0.000444,0.361736,0.162233,1.465270,0.226134,0.000018,0.226491,0.325523,0.333854,0.009050,84.548431,433.856711,120.313929,28.000000,697.059922
0.038173,0.081109,2.469069,0.018241,2.600739,0.193287,7.229013,0.006906,0.006740,0.167140,1.159933,0.179458,0.000169,0.224194,0.297865,0.299856,0.122993,84.905116,459.993461,126.476684,24.000000,696.751790
0.013840,0.044584,2.506571,0.057603,2.627649,0.185018,7.143235,0.003307,0.114811,0.163902,1.217337,0.242587,0.000011,0.254245,0.330455,0.325344,0.103222,84.666279,447.981114,124.417572,26.000000,696.119632
0.042822,0.051914,2.461339,0.013187,2.593995,0.194527,7.147209,0.000000,0.011134,0.162806,1.185558,0.203606,0.000017,0.224447,0.295565,0.336096,0.100930,84.974850,459.840415,139.725268,24.000000,695.298848
0.042536,0.051777,2.555904,0.010468,2.602046,0.192901,7.237777,0.001989,0.099179,0.167132,1.310153,0.188043,0.000600,0.260990,0.299245,0.280391,0.099893,84.598976,460.136599,124.020780,24.000000,695.201985
0.001312,0.052281,2.398648,0.022143,2.597061,0.192293,7.241964,0.011912,0.000000,0.184230,1.165211,0.009838,0.000161,0.220786,0.236129,0.326780,0.147864,85.191389,456.327934,124.955432,24.000000,695.187581
0.042187,0.046325,2.461494,0.052128,2.804353,0.196058,7.440792,0.001710,0.002212,0.164875,0.964885,0.286640,0.000242,0.211189,0.323030,0.329581,0.169395,84.502904,460.849996,123.310342,23.000000,695.176450
0.000000,0.087023,2.461360,0.013457,2.594037,0.194329,7.212262,0.000000,0.011181,0.162282,1.136153,0.009574,0.000017,0.226980,0.313688,0.303669,0.101143,85.172845,460.047155,124.032315,24.000000,695.145161
0.000000,0.052956,2.455409,0.005166,2.587199,0.184154,7.557880,0.001670,0.210515,0.162135,1.601023,0.274635,0.000913,0.228317,0.411263,0.334934,0.099054,83.832777,451.408626,124.027266,24.000000,694.985676
0.028544,0.052492,2.492505,0.029303,2.834399,0.195738,7.353236,0.000604,0.003689,0.157575,1.208133,0.203229,0.000335,0.154379,0.313055,0.321160,0.149840,84.501783,445.716167,121.971191,28.000000,694.840074
0.005501,0.052834,2.461336,0.155997,2.594003,0.194354,7.209855,0.000423,0.001439,0.161990,1.184613,0.242300,0.000014,0.191596,0.271324,0.333677,0.072465,84.866278,460.089795,115.966741,24.000000,694.777363
0.046866,0.033026,2.411140,0.019949,2.649474,0.192911,7.213109,0.029440,0.113825,0.164699,1.191665,0.079386,0.000081,0.233390,0.377852,0.301368,0.201973,84.739844,461.591237,118.671148,23.000000,694.709836
0.000000,0.052334,2.687202,0.012737,2.594794,0.194089,7.446400,0.010642,0.067379,0.216542,0.745086,0.283952,0.000000,0.118775,0.245888,0.330497,0.135092,84.858593,455.315573,123.992866,24.000000,694.431416
0.000000,0.050897,2.466930,0.117565,2.584553,0.178579,7.036640,0.000324,0.109764,0.166911,1.300729,0.257485,0.000180,0.206552,0.256622,0.331411,0.124254,84.810603,451.045699,125.966461,26.000000,694.381167
0.042811,0.226731,2.461207,0.013056,2.592003,0.194378,7.204240,0.001120,0.011204,0.161917,1.184499,0.256432,0.000008,0.223774,0.558521,0.323384,0.100653,84.444062,460.148883,126.428914,24.000000,694.044209
0.000000,0.052441,2.457388,0.000000,2.662666,0.168373,7.730482,0.001692,0.010675,0.163911,1.440913,0.402017,0.000047,0.225383,0.305528,0.330517,0.103184,83.944782,457.951381,122.949876,24.000000,693.059102
0.041723,0.051776,2.802822,0.002900,2.510243,0.189457,7.313123,0.000000,0.118330,0.177941,1.155626,0.221879,0.000028,0.210788,0.333595,0.280508,0.098830,84.490430,460.130895,124.045423,24.000000,692.917012
0.029942,0.017360,2.573096,0.148637,2.512715,0.182314,7.206742,0.002234,0.061781,0.167681,0.937791,0.065844,0.000018,0.231640,0.317273,0.332459,0.076345,85.136128,457.689716,123.924253,20.000000,692.637138
0.019763,0.053382,2.796383,0.013395,3.134375,0.194379,7.208728,0.000689,0.196360,0.161902,1.185005,0.246896,0.000013,0.235054,0.252272,0.332414,0.058662,83.910329,460.111651,112.656150,24.000000,692.328511
0.042845,0.054657,2.461492,0.012209,2.659815,0.194803,7.231617,0.000958,0.009090,0.124271,1.186948,0.022949,0.000104,0.204481,0.306411,0.310052,0.096727,85.080572,455.643499,123.380651,28.000000,692.156480
0.042818,0.053751,2.649313,0.008210,2.888142,0.196570,7.310236,0.019483,0.002036,0.153458,1.191251,0.102481,0.000407,0.111497,0.282468,0.297687,0.103688,84.586502,441.952826,121.103533,30.000000,692.025115
0.042210,0.050846,2.389731,0.010873,2.592462,0.193949,7.209242,0.000000,0.011507,0.228025,1.282571,0.252188,0.000528,0.207016,0.315622,0.322539,0.143559,84.747132,479.371557,124.018924,24.000000,691.957661
0.016860,0.067563,2.610630,0.205865,2.585720,0.188385,7.684354,0.012134,0.003905,0.175897,1.019182,0.390366,0.000196,0.226676,0.333224,0.321199,0.190824,83.967021,437.414594,124.185166,29.000000,691.235726
0.000000,0.054135,2.461175,0.012927,2.522724,0.193404,7.229231,0.001616,0.011203,0.170971,1.720960,0.223537,0.000036,0.243058,0.300737,0.326844,0.000000,84.527443,455.220823,124.075841,24.000000,691.207478
0.042618,0.236011,2.497535,0.004856,2.584628,0.193550,6.909313,0.000487,0.011114,0.161672,1.181211,0.211242,0.000000,0.224910,0.338700,0.327894,0.101727,84.972531,460.680230,124.030510,24.000000,691.164082
0.025604,0.054535,1.484094,0.016078,2.942636,0.152781,7.233061,0.000000,0.011131,0.163493,1.356479,0.219665,0.000239,0.233621,0.307492,0.293496,0.123282,85.382314,457.764350,124.040209,30.000000,690.543975
0.017854,0.053632,2.568117,0.152302,2.528233,0.193364,7.504282,0.001026,0.011209,0.162456,1.462742,0.311288,0.000105,0.239900,0.252057,0.325291,0.075361,84.140781,464.793094,111.915260,31.000000,690.527274
0.054384,0.188754,2.463987,0.013420,3.556437,0.193101,7.218758,0.008165,0.011174,0.163464,1.194555,0.236892,0.000234,0.180703,0.517447,0.289969,0.127273,83.581281,460.842148,124.016640,24.000000,690.457478
0.052550,0.051400,1.478069,0.049001,2.594109,0.193305,7.230320,0.007206,0.014656,0.121677,1.197112,0.247179,0.000281,0.233837,0.447701,0.329789,0.133333,85.618476,460.037099,122.721923,25.000000,690.390911
0.026688,0.001190,2.385248,0.001935,2.581531,0.186264,7.810176,0.002109,0.000728,0.167961,1.505017,0.192747,0.000386,0.219652,0.242540,0.336538,0.117990,84.221300,426.523733,123.741151,32.000000,690.284742
0.042805,0.034165,2.157147,0.079758,2.596024,0.196540,7.198987,0.000000,0.005101,0.161581,0.191033,0.271366,0.000402,0.275656,0.297355,0.341474,0.152825,85.997782,462.523507,124.083083,29.000000,690.277657
0.000000,0.052272,3.055219,0.000000,2.663529,0.182452,7.252481,0.003138,0.000000,0.163650,1.180990,0.264758,0.000000,0.226136,0.229579,0.329344,0.101200,84.295251,459.749194,118.195420,24.000000,689.886128
0.042785,0.000000,2.437885,0.014197,2.594060,0.182858,7.211081,0.008488,0.011251,0.067839,1.235468,0.131292,0.000017,0.224717,0.360018,0.355630,0.090191,85.032224,460.216940,124.022774,24.000000,689.701985
0.040520,0.050422,4.416379,0.012570,2.457068,0.181536,6.889274,0.002684,0.010554,0.154399,1.126599,0.155333,0.000150,0.216580,0.329156,0.306471,0.100306,83.550000,449.235476,124.120529,25.000000,689.329754
0.042799,0.052382,2.465329,0.147752,2.586898,0.195580,7.016396,0.000186,0.021991,0.158371,1.175179,0.185840,0.000060,0.267172,0.316575,0.324422,0.154618,84.888452,444.670948,129.699039,27.000000,689.201258
0.030375,0.058472,2.463327,0.062852,2.593678,0.191954,7.216830,0.001177,0.079267,0.162442,1.185163,0.156283,0.000068,0.225219,0.308955,0.342131,0.093850,84.827959,459.227920,130.197903,31.000000,689.157401
0.003305,0.051976,1.359598,0.012244,2.593679,0.188991,7.206681,0.001096,0.041385,0.165043,1.185376,0.197578,0.000177,0.237903,0.380179,0.335731,0.188916,85.850143,457.771093,124.033803,21.000000,689.033523
0.042813,0.047127,2.077700,0.091039,2.593816,0.226970,7.082991,0.000328,0.005248,0.168034,1.187333,0.206403,0.000036,0.191862,0.321757,0.329561,0.071504,85.355480,452.061709,121.314142,26.000000,688.961123
0.000000,0.036880,2.466236,0.034240,2.593848,0.193376,7.096265,0.000765,0.039072,0.133591,1.184882,0.202062,0.000036,0.226041,0.320928,0.336674,0.078284,85.056822,459.740602,121.222393,27.000000,688.837427
0.036499,0.144253,2.461344,0.013368,2.594010,0.194413,7.057984,0.000641,0.011158,0.162383,1.184676,0.223430,0.000014,0.301670,0.319227,0.333870,0.132658,84.828402,459.514215,124.286992,29.000000,688.533882
0.042848,0.054895,2.461124,0.012830,2.590821,0.185773,7.200175,0.001671,0.329107,0.092479,1.184678,0.264027,0.000013,0.222167,0.313091,0.318848,0.100382,84.625072,460.197567,124.033531,24.000000,688.437642
0.014705,0.047331,2.370055,0.000000,2.761303,0.138988,8.473144,0.000000,0.008058,0.168890,1.079894,0.397642,0.000056,0.205933,0.338463,0.345525,0.100013,83.550000,458.929131,121.970361,31.000000,688.225028
0.042648,0.052309,2.461578,0.013685,2.923074,0.191796,7.196863,0.000000,0.014839,0.109275,1.179923,0.233729,0.000017,0.226548,0.495609,0.337714,0.205500,84.314894,460.100963,123.940664,22.000000,688.122900
0.014266,0.051494,2.950015,0.051567,2.714678,0.194394,7.373567,0.000799,0.007382,0.149502,1.223786,0.281089,0.000892,0.192524,0.350581,0.254513,0.194017,83.994934,453.435989,123.497105,23.000000,688.054136
0.037880,0.094522,2.476527,0.000000,2.594036,0.192799,7.212686,0.012230,0.179398,0.166026,2.019369,0.164181,0.000029,0.227579,0.316629,0.304957,0.095651,83.905503,443.414309,124.038947,24.000000,687.886189
0.040714,0.000000,2.506112,0.166608,2.467378,0.155064,7.345844,0.000000,0.050572,0.155686,1.212747,0.404322,0.000051,0.227700,0.394750,0.318938,0.104289,84.449224,454.123185,124.582868,24.000000,687.792439
0.001686,0.052401,2.380451,0.022739,2.390347,0.192334,7.239156,0.009506,0.000000,0.206382,1.157606,0.371763,0.000149,0.217800,0.309778,0.332206,0.064224,85.051473,457.076701,125.205870,24.000000,687.532918
0.028955,0.036349,2.516390,0.095721,2.620126,0.180444,7.217200,0.001642,0.060587,0.161251,1.200866,0.276161,0.000020,0.249017,0.324839,0.324539,0.104168,84.601725,452.818123,124.345991,19.000000,686.802522
0.042738,0.000000,2.427448,0.000000,2.594093,0.177537,7.212392,0.000207,0.067356,0.161530,1.415441,0.110455,0.000017,0.225683,0.318308,0.362460,0.085539,84.798794,460.231838,124.032334,21.000000,686.766067
0.035119,0.052125,2.462542,0.013158,2.593618,0.190862,7.272113,0.000035,0.009957,0.162847,1.185308,0.135836,0.000080,0.225070,0.199929,0.345190,0.101570,85.014641,445.656375,150.836961,25.000000,686.739727
0.041775,0.000000,2.476866,0.013124,2.619043,0.194648,7.209099,0.000000,0.019708,0.162956,1.563988,0.198583,0.000000,0.224346,0.274948,0.337108,0.099865,84.563946,478.532596,123.485023,24.000000,686.661213
0.017623,0.074229,2.461343,0.013313,2.594009,0.130725,7.013971,0.000942,0.011151,0.162500,1.184932,0.226974,0.000007,0.253540,0.275188,0.334773,0.087735,85.157046,459.808838,124.155504,24.000000,685.645039
0.037658,0.139183,2.474470,0.026350,2.760660,0.193018,7.190868,0.000090,0.011175,0.165533,1.557060,0.037200,0.000027,0.235170,0.317012,0.348263,0.061481,84.444782,459.990777,124.073971,24.000000,684.442891
0.003361,0.040796,2.344899,0.119870,2.599829,0.195597,7.227268,0.000000,0.005462,0.164476,1.141161,0.415161,0.000094,0.210992,0.335518,0.347800,0.100587,84.747129,459.418061,124.598018,20.000000,683.835258
0.000000,0.053263,2.539179,0.073756,2.593353,0.187793,7.569424,0.000649,0.000000,0.177825,1.085744,0.212578,0.000092,0.228151,0.365240,0.304293,0.075298,84.533363,484.743765,105.708555,24.000000,683.661885
0.042593,0.053259,2.539422,0.000000,2.593358,0.161672,7.027790,0.000644,0.006361,0.177912,1.083752,0.201557,0.000521,0.360747,0.326260,0.247858,0.075193,85.101100,461.124197,105.572434,24.000000,683.474995
0.000000,0.054774,2.510019,0.012732,2.580241,0.192999,5.854809,0.000000,0.011131,0.163584,1.195141,0.236852,0.000252,0.234783,0.357061,0.284979,0.123278,86.187366,460.450701,124.015613,24.000000,683.309407
0.007071,0.052202,2.496262,0.012406,2.310474,0.194269,7.109030,0.000533,0.036900,0.162351,1.184908,0.260024,0.000100,0.190054,0.310557,0.301392,0.109280,85.262187,456.445105,124.031393,21.000000,682.621474
0.040939,0.054692,2.501333,0.157662,2.594760,0.191873,7.341014,0.014200,0.056610,0.156418,1.209826,0.374479,0.000056,0.227374,0.341431,0.321816,0.104329,84.311187,501.297063,124.539842,25.000000,682.547527
0.043421,0.051003,2.455912,0.014366,2.594126,0.189223,7.215390,0.005017,0.028661,0.163598,1.192927,0.000000,0.000000,0.228948,0.415143,0.390188,0.133501,84.878575,486.019932,123.107389,16.000000,682.063747
0.042790,0.052155,2.480737,0.116097,2.593718,0.195736,7.269344,0.000000,0.039915,0.103470,1.188445,0.164019,0.000063,0.219801,0.281299,0.377230,0.107683,84.767498,449.530266,123.125886,27.000000,681.198938
0.036464,0.051809,2.120887,0.015400,2.202994,0.194197,7.073448,0.000577,0.011160,0.162880,1.243056,0.236874,0.000016,0.276023,0.195459,0.331029,0.128767,85.718961,459.570379,124.262458,24.000000,681.194478
0.047573,0.029333,2.990822,0.021095,2.193554,0.192858,7.212641,0.068242,0.131319,0.164925,1.191406,0.235943,0.000059,0.234302,0.388675,0.305454,0.190488,84.401310,461.791616,117.759889,23.000000,680.780088
0.006516,0.053638,2.547276,0.018813,2.359892,0.192296,7.244416,0.024739,0.011141,0.163657,1.115691,0.243750,0.000172,0.224044,0.316272,0.311071,0.117310,85.049306,455.603166,94.888193,24.000000,680.617695
0.042763,0.052153,2.450045,0.013190,2.593756,0.191685,7.300454,0.002730,0.010603,0.162839,0.754862,0.000000,0.000145,0.221243,0.291468,0.320057,0.119588,85.472419,475.848715,92.545804,25.000000,680.592815
0.028292,0.170671,2.463624,0.012969,2.593969,0.192413,7.208339,0.001592,0.022259,0.163781,1.185646,0.180837,0.000000,0.297870,0.312034,0.339411,0.132917,84.693377,459.265590,124.018978,24.000000,680.437886
0.031508,0.052237,2.515144,0.012822,3.351261,0.186765,7.332729,0.000251,0.000000,0.134782,1.753902,0.188332,0.000974,0.222908,0.277638,0.289535,0.099212,83.550000,460.287815,119.051531,31.000000,680.260733
0.041519,0.052333,1.999944,0.207698,2.541675,0.176820,7.373702,0.005265,0.081998,0.168453,1.192222,0.100042,0.000000,0.211670,0.250889,0.346868,0.106952,85.141951,430.127054,121.797155,31.000000,679.881522
0.036279,0.134103,2.380856,0.013074,2.508188,0.187934,8.380231,0.009162,0.000000,0.156710,1.145315,0.339219,0.000002,0.218622,0.399141,0.422271,0.118894,83.550000,460.085240,123.542755,24.000000,679.598103
0.042537,0.050615,2.684878,0.002143,2.539872,0.221069,7.977494,0.000893,0.005625,0.156954,1.147003,0.216875,0.000000,0.159038,0.372804,0.350761,0.127724,83.943715,463.112051,123.762794,25.000000,679.105327
0.000000,0.009387,1.848226,0.014650,2.595245,0.206028,7.220401,0.000202,0.002247,0.164880,1.175239,0.095529,0.000041,0.212284,0.364159,0.340728,0.100709,85.650047,451.828869,124.431220,22.000000,679.034216
0.042786,0.114179,2.507749,0.197080,2.593312,0.160970,7.351693,0.000320,0.079983,0.162256,1.193218,0.090728,0.000129,0.212189,0.269377,0.348968,0.108208,84.566855,430.966229,121.876889,30.000000,678.995147
0.039492,0.051939,2.470242,0.013674,2.611163,0.177749,7.208725,0.011315,0.016605,0.123821,1.184951,0.255035,0.000015,0.226811,0.332885,0.334094,0.109706,84.831777,460.112301,122.900618,35.000000,678.925067
0.040994,0.000000,2.460684,0.013601,2.360597,0.194193,7.209557,0.007746,0.011156,0.136082,1.184694,0.248138,0.000000,0.226543,0.343875,0.333125,0.107366,85.121649,460.096575,124.003253,31.000000,678.567496
0.041736,0.041992,2.066777,0.163690,2.540484,0.193549,7.151003,0.000000,0.495035,0.148632,1.324771,0.292887,0.000026,0.152725,0.333363,0.286724,0.085740,84.680866,463.939189,114.904252,25.000000,678.315288
0.029914,0.000000,2.526577,0.014629,2.599997,0.194001,7.217462,0.001515,0.010977,0.162680,0.703892,0.276970,0.000048,0.291007,0.222081,0.331031,0.044382,85.372835,458.381871,141.345603,25.000000,677.442363
0.000000,0.000000,2.547554,0.070561,2.951283,0.232817,7.284226,0.001411,0.241667,0.162532,1.245315,0.141181,0.000181,0.224756,0.291126,0.343011,0.104284,84.158097,459.101306,124.126835,26.000000,677.120486
0.019296,0.053409,2.802013,0.000000,3.143537,0.194359,7.569080,0.000934,0.199489,0.160749,1.184960,0.249411,0.000013,0.235320,0.180890,0.332242,0.054678,83.619621,492.221818,112.463743,24.000000,676.707539
0.000000,0.057462,2.735115,0.058648,2.378377,0.194070,7.304341,0.001038,0.000000,0.189950,1.104533,0.181089,0.000050,0.217963,0.316609,0.338263,0.093916,84.828575,434.830807,114.222419,23.000000,676.166013
0.035577,0.051724,2.512279,0.014489,2.888556,0.194400,7.040671,0.000839,0.013850,0.133450,1.183246,0.217732,0.000013,0.284592,0.220843,0.379429,0.113956,84.714354,477.488971,124.328278,28.000000,675.380235
0.042471,0.000000,2.461359,0.013454,1.712469,0.170844,7.205908,0.000026,0.011180,0.162286,1.183917,0.227528,0.000017,0.229220,0.313917,0.304913,0.102441,85.858051,460.025203,124.042806,24.000000,675.256795
0.083557,0.050971,3.443439,0.014016,2.594049,0.184825,7.210754,0.001237,0.000000,0.162261,1.318514,0.142113,0.000010,0.224568,0.314304,0.327754,0.186758,83.740869,460.205042,124.020867,24.000000,675.256733
0.037056,0.051126,2.220287,0.013040,2.574961,0.200811,6.653281,0.012791,0.010841,0.178498,1.413186,0.260062,0.000061,0.221317,0.290981,0.326732,0.105610,85.429359,463.286676,123.870075,24.000000,675.203450
0.035630,0.000000,2.499221,0.026461,2.597387,0.192957,7.224991,0.001223,0.028213,0.162470,1.186031,0.090600,0.000663,0.225146,0.256627,0.332459,0.102918,85.037003,475.170561,93.747247,30.000000,675.102325
0.040082,0.057218,2.467384,0.000000,2.462088,0.129249,6.831297,0.000007,0.108486,0.182586,1.070912,0.217665,0.000000,0.199031,0.311689,0.347683,0.107719,85.466905,460.999472,112.634929,24.000000,674.454671
0.038065,0.022384,1.886051,0.036379,2.597502,0.193771,5.737038,0.021908,0.013685,0.151695,1.945637,0.223108,0.000037,0.133056,0.335739,0.310088,0.102106,86.251750,462.945172,123.954628,25.000000,673.000103
0.042738,0.052630,2.461651,0.008352,2.594020,0.143229,6.339294,0.001068,0.177861,0.162419,1.265217,0.234935,0.000225,0.228087,0.389515,0.322594,0.100013,85.476151,454.707786,119.972610,24.000000,672.233662
0.036830,0.052176,2.470625,0.000000,2.069332,0.191038,7.282621,0.000200,0.010010,0.162870,2.091935,0.136823,0.000080,0.298988,0.266861,0.344158,0.096332,84.489122,427.050660,126.440259,25.000000,671.941082
0.038657,0.026449,1.957989,0.032736,2.596782,0.151936,7.228419,0.001183,0.013374,0.153024,2.158835,0.227262,0.000000,0.143620,0.338265,0.331910,0.108026,84.491534,459.761808,92.188892,25.000000,670.831829
0.042709,0.041534,2.219608,0.018809,1.897818,0.245431,7.216604,0.001954,0.012236,0.172500,1.193198,0.000000,0.000337,0.214870,0.326898,0.318494,0.172942,85.904060,446.790410,124.029109,24.000000,669.291462
0.035731,0.054375,2.318932,0.008254,2.604906,0.194033,7.753979,0.000000,0.000000,0.162328,1.187283,0.257070,0.000426,0.217357,0.311594,0.313032,0.141524,84.439175,441.227466,70.619756,24.000000,668.706318
0.037426,0.021194,1.914089,0.000000,2.596605,0.193349,7.264110,0.001036,0.012957,0.153763,1.852330,0.221403,0.000037,0.137920,0.339979,0.287209,0.102998,84.863595,460.899552,88.599479,25.000000,668.683941
0.009153,0.032552,2.818259,0.047584,2.579627,0.213183,7.739215,0.001405,0.007137,0.162990,1.451569,0.298482,0.000000,0.227567,0.352818,0.307102,0.201357,83.550000,448.213245,124.565813,27.000000,668.266077
0.032564,0.000000,2.727424,0.013385,2.576016,0.243546,7.217290,0.005304,0.023281,0.164219,1.180909,0.358923,0.000165,0.273463,0.365600,0.333469,0.118083,84.366361,459.753479,119.344729,26.000000,668.135928
0.021674,0.162120,3.748535,0.013250,2.544478,0.191600,7.152629,0.003857,0.028968,0.196637,1.135334,0.232206,0.000129,0.211934,0.342439,0.351668,0.112544,83.550000,459.209500,117.059305,27.000000,668.123133
0.042480,0.051987,3.652811,0.343958,2.432310,0.030883,6.933497,0.005694,0.007196,0.160181,1.201919,0.230067,0.000042,0.252554,0.281521,0.314633,0.060257,83.998011,439.699510,124.034036,38.000000,667.125756
0.000000,0.052196,2.952916,0.105729,2.650532,0.194122,7.733233,0.002787,0.000814,0.169230,0.895630,0.336601,0.000045,0.180099,0.357838,0.328890,0.118656,83.920682,466.329149,136.968290,26.000000,664.967715
0.000000,0.293055,2.466351,0.050115,2.403434,0.191488,6.992301,0.001366,0.137871,0.170836,1.188701,0.000000,0.000172,0.202178,0.254974,0.335582,0.129138,85.182437,430.829424,125.523232,25.000000,664.689861
0.000000,0.003909,2.443611,0.000000,2.573737,0.203544,8.172522,0.000432,0.036512,0.161741,1.173973,0.372639,0.000000,0.218737,0.335371,0.382939,0.104105,83.816229,469.214541,124.326749,16.000000,664.213344
0.042793,0.052854,2.461786,0.013294,2.738448,0.265011,7.256305,0.004293,0.011136,0.162987,1.149655,0.166681,0.000120,0.227441,0.243485,0.327926,0.110866,84.764918,452.003417,124.092802,26.000000,663.972171
0.041688,0.051257,3.027686,0.000000,2.633773,0.194299,6.837863,0.012266,0.000000,0.158928,1.130109,0.229439,0.000002,0.231294,0.289393,0.335730,0.122089,84.704184,457.852051,91.047893,19.000000,661.872895
0.042725,0.051709,3.109266,0.000692,2.340678,0.194257,7.707349,0.000000,0.014451,0.162353,1.184496,0.228201,0.000030,0.227404,0.313435,0.302652,0.102346,84.017953,460.069100,150.791495,25.000000,661.569561
0.042794,0.021351,1.676958,0.209138,2.771051,0.195175,5.603536,0.000000,0.007240,0.170480,1.112020,0.306709,0.000113,0.173037,0.199215,0.358288,0.059265,87.093631,470.244776,124.159953,33.000000,660.636815
0.041931,0.048798,2.890622,0.009697,2.476302,0.186539,7.913922,0.000906,0.270268,0.148155,1.216621,0.322794,0.000147,0.222883,0.224339,0.361735,0.114340,83.550000,455.578648,91.752957,20.000000,659.747307
0.027694,0.000000,2.779339,0.014421,2.608404,0.189355,8.446659,0.004395,0.010961,0.147469,1.293848,0.000000,0.000075,0.224393,0.345647,0.316278,0.041061,83.550000,461.916651,123.248993,12.000000,659.000365
0.042638,0.051765,0.869327,0.013406,2.593471,0.194391,5.949264,0.000916,0.001486,0.174615,1.185414,0.263095,0.000000,0.223477,0.194353,0.307664,0.193351,87.741365,459.765693,124.030328,24.000000,658.561482
0.466422,0.052787,2.461744,0.006797,2.594020,0.186522,7.213390,0.001339,0.228784,0.162502,1.289969,0.235111,0.000289,0.228567,0.404226,0.319986,0.099677,84.047867,453.070941,124.028229,24.000000,658.059407
0.041978,0.206499,2.908962,0.043217,2.624787,0.155383,7.323604,0.004672,0.011066,0.161675,1.236488,0.236959,0.000162,0.231698,0.354429,0.247856,0.113873,84.096693,460.338627,132.476411,33.000000,655.619237
0.570544,0.052491,2.460651,0.243205,2.845285,0.194162,7.286570,0.001067,0.002907,0.169209,0.411228,0.305376,0.000039,0.199386,0.352245,0.336771,0.106757,84.462107,460.679680,127.373200,30.000000,655.353179
0.041536,0.053199,2.844415,0.102611,2.643259,0.191034,7.387094,0.016982,0.130077,0.160836,1.209709,0.232252,0.000144,0.223811,0.310134,0.288291,0.111736,84.052880,434.241394,154.120772,26.000000,653.971988
1.035381,0.045462,2.127615,0.014925,2.596058,0.194279,7.215209,0.001379,0.000000,0.166605,1.233487,0.212023,0.000000,0.217908,0.278218,0.315791,0.164150,84.181510,459.963884,124.790779,24.000000,653.674641
0.042747,0.074360,2.055978,0.001666,2.474983,0.194979,7.116483,0.005303,0.213560,0.162187,1.185917,0.203554,0.000130,0.200837,0.304685,0.311132,0.102218,85.349280,454.841800,86.106062,25.000000,653.340679
0.040118,0.112506,2.473321,0.019787,2.463741,0.127630,6.835823,0.000065,0.107264,0.159746,1.284466,0.334772,0.000025,0.292925,0.309545,0.347205,0.107766,84.983294,461.069700,121.628031,24.000000,652.809468
0.707240,0.050910,2.363773,0.005175,2.693878,0.188585,8.172667,0.000300,0.000000,0.155505,1.142914,0.143606,0.000367,0.136720,0.273197,0.314719,0.100443,83.550000,443.207786,121.293192,29.000000,650.850533
0.020109,0.175979,2.218073,0.031358,2.599211,0.150941,5.734981,0.002144,0.073645,0.170420,1.168408,0.699265,0.000125,0.213088,0.233962,0.332691,0.151577,86.024026,454.803813,123.551959,25.000000,649.630291
0.041590,0.032311,0.875352,0.081430,2.594688,0.189618,6.099855,0.001474,0.134239,0.162883,1.211795,0.307115,0.000549,0.224791,0.332715,0.310869,0.168167,87.230560,455.213376,95.845205,29.000000,649.372261
1.681177,0.031126,2.031284,0.027817,2.594139,0.184708,7.224817,0.001408,0.013044,0.180418,1.197344,0.221108,0.000352,0.212761,0.338606,0.326038,0.123785,83.610066,454.039276,124.029889,24.000000,646.395711
0.246669,0.006760,2.451349,0.000000,2.586367,0.194264,7.198249,0.000063,0.024442,0.162316,1.183522,0.240406,0.000009,0.208173,0.271001,0.287540,0.102784,84.836087,453.864506,71.693105,24.000000,646.342183
0.005915,0.046629,2.344484,0.038233,2.804838,0.191379,7.226876,0.001205,0.000000,0.164715,1.110059,0.462524,0.000100,0.110269,0.313516,0.349175,0.097930,84.732153,450.121056,157.636302,24.000000,646.008442
0.039431,0.051982,1.129547,0.289113,2.609177,0.194461,7.312425,0.013944,0.037829,0.178886,1.184920,0.202296,0.000075,0.219837,0.178715,0.333082,0.104256,85.920023,448.844972,89.729886,29.000000,645.785530
0.029250,0.044884,2.490322,0.032539,2.334173,0.117842,7.257856,0.000859,0.006067,0.157770,0.947082,0.283798,0.000263,0.301867,0.306138,0.318816,0.220349,85.150124,458.894142,130.369692,35.000000,644.840900
1.115147,0.051560,2.443320,0.065012,2.568615,0.192464,7.114392,0.000461,0.356716,0.160580,1.173081,0.247775,0.000011,0.224327,0.328820,0.336885,0.070834,83.550000,460.095071,120.500217,28.000000,642.758897
1.477250,0.019032,2.512205,0.157878,2.589786,0.193017,7.233744,0.000851,0.004084,0.153857,0.647668,0.499016,0.000015,0.197988,0.365093,0.308132,0.090382,83.550000,460.739790,123.133847,31.000000,642.002005
0.006456,0.099213,3.953300,0.034990,2.322579,0.157237,6.461594,0.000560,0.008019,0.155664,2.347776,0.054618,0.000069,0.220145,0.300100,0.240193,0.087487,83.550000,464.921463,119.761491,28.000000,641.367784
0.042730,0.048179,1.891320,0.077339,2.570207,0.194374,6.525126,0.000649,0.076840,0.150005,1.138421,0.201919,0.000019,0.181338,0.386680,0.327980,0.096107,86.090768,434.420041,155.366687,26.000000,635.801944
0.336446,0.052524,1.725905,0.013370,2.049130,0.195963,7.217937,0.000007,0.010216,0.162482,1.480248,0.200467,0.000032,0.188293,0.299223,0.437910,0.115070,85.514776,460.508118,111.463626,18.000000,627.387399
2.311322,0.048629,2.402018,0.000000,2.633339,0.174692,6.497682,0.000327,0.111710,0.162706,1.070736,0.189705,0.000087,0.108758,0.372772,0.278672,0.086844,83.550000,460.237625,117.096963,24.000000,623.847249
1.262915,0.051416,1.615787,0.127132,2.586033,0.194788,7.021191,0.000271,0.091789,0.143574,1.198526,0.064555,0.000141,0.209527,0.327616,0.330033,0.120921,84.653785,450.289760,107.042802,28.000000,621.268907
0.042652,0.040882,1.790524,0.012358,2.594082,0.077605,7.234146,0.001650,0.024797,0.161292,1.345930,0.230064,0.000013,0.143730,0.141647,0.283733,0.197308,85.677587,463.643281,171.945934,25.000000,620.971355
1.618415,0.110294,0.787445,0.030911,2.613617,0.192070,7.273587,0.017989,0.011246,0.183578,1.354267,0.366862,0.000035,0.224885,0.303219,0.325080,0.102516,84.483984,460.149682,123.527768,24.000000,620.768635
1.788481,0.049671,2.195844,0.037028,2.127607,0.199655,7.175680,0.011034,0.010195,0.161950,1.399108,0.265288,0.000055,0.210261,0.297730,0.371842,0.102446,83.596124,463.390576,123.844011,24.000000,620.348836
0.042848,0.051918,2.461310,0.000217,2.593993,0.285078,7.208777,0.001837,0.011122,0.162926,0.642478,0.260700,0.000011,0.224028,0.275814,0.338946,0.178336,85.259663,460.139618,169.224774,25.000000,615.181316
1.402212,0.046257,3.908375,0.011827,2.327826,0.153679,6.099935,0.001835,0.000000,0.188930,1.023373,0.407357,0.000050,0.227248,0.233745,0.326119,0.091231,83.550000,456.921153,122.514234,25.000000,604.499920
1.222227,0.050323,2.368676,0.019360,2.785769,0.302965,7.241604,0.002209,0.024477,0.153812,1.132938,0.224337,0.000080,0.216993,0.282888,0.305442,0.115900,83.550000,457.223830,124.039040,19.000000,584.546418
0.019923,0.050149,2.459959,0.269220,2.584757,0.208115,7.831521,0.000745,0.146599,0.166544,1.173615,0.401118,0.000000,0.195778,0.174753,0.462797,0.121097,83.733309,457.560696,193.446922,24.000000,581.902913
2.158620,0.308831,2.298204,0.049785,2.362720,0.177046,6.675363,0.000848,0.007968,0.139364,1.005166,0.265902,0.000119,0.208478,0.327496,0.277665,0.186424,83.550000,460.103780,124.708994,26.000000,578.425723
