Aging_time_h,Predicted_UTS_MPa
0.0,198.59776
0.1,196.6118
0.2,195.98068
0.30000000000000004,195.36697
0.4,195.36697
0.5,194.32555
0.6000000000000001,194.32555
0.7000000000000001,194.32555
0.8,194.32555
0.9,194.32555
1.0,198.8893
1.1,198.8893
1.2000000000000002,198.8893
1.3,198.8893
1.4000000000000001,198.8893
1.5,200.85507
1.6,200.85507
1.7000000000000002,200.85507
1.8,200.85507
1.9000000000000001,200.85507
2.0,199.67111
2.1,199.67111
2.2,199.67111
2.3000000000000003,199.67111
2.4000000000000004,199.67111
2.5,193.30902
2.6,193.30902
2.7,193.30902
2.8000000000000003,193.30902
2.9000000000000004,193.30902
3.0,194.47855
3.1,194.47855
3.2,194.47855
3.3000000000000003,194.47855
3.4000000000000004,194.47855
3.5,194.47855
3.6,194.47855
3.7,194.47855
3.8000000000000003,194.47855
3.9000000000000004,194.47855
4.0,197.04123
4.1000000000000005,197.04123
4.2,197.04123
4.3,197.04123
4.4,197.04123
4.5,197.04123
4.6000000000000005,197.04123
4.7,197.04123
4.800000000000001,197.04123
4.9,197.04123
5.0,199.48254
5.1000000000000005,199.48254
5.2,199.48254
5.300000000000001,199.48254
5.4,199.48254
5.5,199.48254
5.6000000000000005,199.48254
5.7,199.48254
5.800000000000001,199.48254
5.9,199.48254
6.0,199.68639
6.1000000000000005,199.68639
6.2,199.68639
6.300000000000001,199.68639
6.4,199.68639
6.5,199.68639
6.6000000000000005,199.68639
6.7,199.68639
6.800000000000001,199.68639
6.9,199.68639
7.0,206.80472
7.1000000000000005,206.80472
7.2,206.80472
7.300000000000001,206.80472
7.4,206.80472
7.5,206.80472
7.6000000000000005,206.80472
7.7,206.80472
7.800000000000001,206.80472
7.9,206.80472
8.0,209.6339
8.1,209.6339
8.200000000000001,209.6339
8.3,209.6339
8.4,209.6339
8.5,241.19621
8.6,241.19621
8.700000000000001,241.19621
8.8,241.19621
8.9,241.19621
9.0,244.162
9.1,244.162
9.200000000000001,244.162
9.3,244.162
9.4,244.162
9.5,244.162
9.600000000000001,244.162
9.700000000000001,244.162
9.8,244.162
9.9,244.162
10.0,243.71465
10.100000000000001,243.71465
10.200000000000001,243.71465
10.3,243.71465
10.4,243.71465
10.5,243.71465
10.600000000000001,243.71465
10.700000000000001,243.71465
10.8,243.71465
10.9,243.71465
11.0,242.82428
11.100000000000001,242.82428
11.200000000000001,242.82428
11.3,242.82428
11.4,242.82428
11.5,242.82428
11.600000000000001,242.82428
11.700000000000001,242.82428
11.8,242.82428
11.9,242.82428
12.0,262.24338
12.100000000000001,262.24338
12.200000000000001,262.24338
12.3,262.24338
12.4,262.24338
12.5,266.80447
12.600000000000001,266.80447
12.700000000000001,266.80447
12.8,266.80447
12.9,266.80447
13.0,267.24237
13.100000000000001,267.24237
13.200000000000001,267.24237
13.3,267.24237
13.4,267.24237
13.5,267.24237
13.600000000000001,267.24237
13.700000000000001,267.24237
13.8,267.24237
13.9,267.24237
14.0,268.5455
14.100000000000001,268.5455
14.200000000000001,268.5455
14.3,268.5455
14.4,268.5455
14.5,268.5455
14.600000000000001,268.5455
14.700000000000001,268.5455
14.8,268.5455
14.9,268.5455
15.0,271.47058
15.100000000000001,271.47058
15.200000000000001,271.47058
15.3,271.47058
15.4,271.47058
15.5,271.47058
15.600000000000001,271.47058
15.700000000000001,271.47058
15.8,271.47058
15.9,271.47058
16.0,273.72656
16.1,273.72656
16.2,273.72656
16.3,273.72656
16.400000000000002,273.72656
16.5,273.72656
16.6,273.72656
16.7,273.72656
16.8,273.72656
16.900000000000002,273.72656
17.0,273.72656
17.1,273.72656
17.2,273.72656
17.3,273.72656
17.400000000000002,273.72656
17.5,273.72656
17.6,273.72656
17.7,273.72656
17.8,273.72656
17.900000000000002,273.72656
18.0,272.57477
18.1,272.57477
18.2,272.57477
18.3,272.57477
18.400000000000002,272.57477
18.5,272.57477
18.6,272.57477
18.7,272.57477
18.8,272.57477
18.900000000000002,272.57477
19.0,272.57477
19.1,272.57477
19.200000000000003,272.57477
19.3,272.57477
19.400000000000002,272.57477
19.5,272.57477
19.6,272.57477
19.700000000000003,272.57477
19.8,272.57477
19.900000000000002,272.57477
20.0,285.86258
20.1,285.86258
20.200000000000003,285.86258
20.3,285.86258
20.400000000000002,285.86258
20.5,285.86258
20.6,285.86258
20.700000000000003,285.86258
20.8,285.86258
20.900000000000002,285.86258
21.0,285.86258
21.1,285.86258
21.200000000000003,285.86258
21.3,285.86258
21.400000000000002,285.86258
21.5,285.86258
21.6,285.86258
21.700000000000003,285.86258
21.8,285.86258
21.900000000000002,285.86258
22.0,286.4887
22.1,286.4887
22.200000000000003,286.4887
22.3,286.4887
22.400000000000002,286.4887
22.5,286.4887
22.6,286.4887
22.700000000000003,286.4887
22.8,286.4887
22.900000000000002,286.4887
23.0,286.4887
23.1,286.4887
23.200000000000003,286.4887
23.3,286.4887
23.400000000000002,286.4887
23.5,286.4887
23.6,286.4887
23.700000000000003,286.4887
23.8,286.4887
23.900000000000002,286.4887
24.0,303.83023
24.1,303.83023
24.200000000000003,303.83023
24.3,303.83023
24.400000000000002,303.83023
24.5,303.83023
24.6,303.83023
24.700000000000003,303.83023
24.8,303.83023
24.900000000000002,303.83023
25.0,300.95105
25.1,300.95105
25.200000000000003,300.95105
25.3,300.95105
25.400000000000002,300.95105
25.5,300.95105
25.6,300.95105
25.700000000000003,300.95105
25.8,300.95105
25.900000000000002,300.95105
26.0,299.20377
26.1,299.20377
26.200000000000003,299.20377
26.3,299.20377
26.400000000000002,299.20377
26.5,299.20377
26.6,299.20377
26.700000000000003,299.20377
26.8,299.20377
26.900000000000002,299.20377
27.0,299.20377
27.1,299.20377
27.200000000000003,299.20377
27.3,299.20377
27.400000000000002,299.20377
27.5,299.20377
27.6,299.20377
27.700000000000003,299.20377
27.8,299.20377
27.900000000000002,299.20377
28.0,299.27512
28.1,299.27512
28.200000000000003,299.27512
28.3,299.27512
28.400000000000002,299.27512
28.5,299.27512
28.6,299.27512
28.700000000000003,299.27512
28.8,299.27512
28.900000000000002,299.27512
29.0,299.27512
29.1,299.27512
29.200000000000003,299.27512
29.3,299.27512
29.400000000000002,299.27512
29.5,299.27512
29.6,299.27512
29.700000000000003,299.27512
29.8,299.27512
29.900000000000002,299.27512
30.0,298.19128
30.1,298.19128
30.200000000000003,298.19128
30.3,298.19128
30.400000000000002,298.19128
30.5,298.19128
30.6,298.19128
30.700000000000003,298.19128
30.8,298.19128
30.900000000000002,298.19128
31.0,298.19128
31.1,298.19128
31.200000000000003,298.19128
31.3,298.19128
31.400000000000002,298.19128
31.5,298.19128
31.6,298.19128
31.700000000000003,298.19128
31.8,298.19128
31.900000000000002,298.19128
32.0,298.9515
32.1,298.9515
32.2,298.9515
32.300000000000004,298.9515
32.4,298.9515
32.5,298.9515
32.6,298.9515
32.7,298.9515
32.800000000000004,298.9515
32.9,298.9515
33.0,298.9515
33.1,298.9515
33.2,298.9515
33.300000000000004,298.9515
33.4,298.9515
33.5,298.9515
33.6,298.9515
33.7,298.9515
33.800000000000004,298.9515
33.9,298.9515
34.0,298.9515
34.1,298.9515
34.2,298.9515
34.300000000000004,298.9515
34.4,298.9515
34.5,298.9515
34.6,298.9515
34.7,298.9515
34.800000000000004,298.9515
34.9,298.9515
35.0,298.9515
35.1,298.9515
35.2,298.9515
35.300000000000004,298.9515
35.4,298.9515
35.5,298.9515
35.6,298.9515
35.7,298.9515
35.800000000000004,298.9515
35.9,298.9515
36.0,288.4116
36.1,288.4116
36.2,288.4116
36.300000000000004,288.4116
36.4,288.4116
36.5,288.4116
36.6,288.4116
36.7,288.4116
36.800000000000004,288.4116
36.9,288.4116
37.0,288.4116
37.1,288.4116
37.2,288.4116
37.300000000000004,288.4116
37.4,288.4116
37.5,288.4116
37.6,288.4116
37.7,288.4116
37.800000000000004,288.4116
37.9,288.4116
38.0,288.4116
38.1,288.4116
38.2,288.4116
38.300000000000004,288.4116
38.400000000000006,288.4116
38.5,288.4116
38.6,288.4116
38.7,288.4116
38.800000000000004,288.4116
38.900000000000006,288.4116
39.0,288.4116
39.1,288.4116
39.2,288.4116
39.300000000000004,288.4116
39.400000000000006,288.4116
39.5,288.4116
39.6,288.4116
39.7,288.4116
39.800000000000004,288.4116
39.900000000000006,288.4116
40.0,289.13116
40.1,289.13116
40.2,289.13116
40.300000000000004,289.13116
40.400000000000006,289.13116
40.5,289.13116
40.6,289.13116
40.7,289.13116
40.800000000000004,289.13116
40.900000000000006,289.13116
41.0,289.13116
41.1,289.13116
41.2,289.13116
41.300000000000004,289.13116
41.400000000000006,289.13116
41.5,289.13116
41.6,289.13116
41.7,289.13116
41.800000000000004,289.13116
41.900000000000006,289.13116
42.0,289.13116
42.1,289.13116
42.2,289.13116
42.300000000000004,289.13116
42.400000000000006,289.13116
42.5,289.13116
42.6,289.13116
42.7,289.13116
42.800000000000004,289.13116
42.900000000000006,289.13116
43.0,289.13116
43.1,289.13116
43.2,289.13116
43.300000000000004,289.13116
43.400000000000006,289.13116
43.5,289.13116
43.6,289.13116
43.7,289.13116
43.800000000000004,289.13116
43.900000000000006,289.13116
44.0,288.04373
44.1,288.04373
44.2,288.04373
44.300000000000004,288.04373
44.400000000000006,288.04373
44.5,288.04373
44.6,288.04373
44.7,288.04373
44.800000000000004,288.04373
44.900000000000006,288.04373
45.0,288.04373
45.1,288.04373
45.2,288.04373
45.300000000000004,288.04373
45.400000000000006,288.04373
45.5,288.04373
45.6,288.04373
45.7,288.04373
45.800000000000004,288.04373
45.900000000000006,288.04373
46.0,288.0183
46.1,288.0183
46.2,288.0183
46.300000000000004,288.0183
46.400000000000006,288.0183
46.5,288.0183
46.6,288.0183
46.7,288.0183
46.800000000000004,288.0183
46.900000000000006,288.0183
47.0,288.0183
47.1,288.0183
47.2,288.0183
47.300000000000004,288.0183
47.400000000000006,288.0183
47.5,288.0183
47.6,288.0183
47.7,288.0183
47.800000000000004,288.0183
47.900000000000006,288.0183
48.0,287.15274
